to be allowed to, to have the right to, to may, may;dürfen
nine;neun
day;Tag
which one's, of which, whose;deren, dessen, wessen
should, ought to, to have to;müssen, sollen
self, itself, herself, himself;selber, selbst
nothing;nichts
infant;Kind
one;ein gewisser, einer, irgend einer, irgendwer, jemand, man, ein, eine, eins
small;gering, klein
so that;damit, dass
at the rate of;bei einem Verhältnis von, zu einem Satz von
man;Mensch, Mann
to be acquainted with;kennen
six;sechs
everything;alles
to lay hold of;fassen, nehmen
or;oder
ten;zehn
three;drei
two;zwei
five;fünf
to travel;fahren, reisen
to know;kennen, wissen
in order to;für, um, um zu
what;was
human being;Mensch
and;und
to be;werden
number of eight, eight;acht
four;vier
large, big;groß
no;keiner, keine, keines, niemand, kein, nicht, nein
for the reason that;da, weil
more;mehr, ferner, weiter
someone, somebody, anybody;ein gewisser, einer, irgend einer, irgendwer, jemand
between;unter, mitten unter, zwischen
to wish;wünschen, wollen
over;fertig, oberhalb, über
where ... to;wohin
too much;zu, zu sehr, zu viel
fowl;Geflügel, Henne, Huhn
library;Bibliothek, Bücherei
hundred, one hundred;hundert
else;anderer, anders, sonst, andernfalls, ferner, mehr, weiter
cheap, inexpensive;billig
hospital;Hospital, Krankenhaus, Hospiz
opinion;Äußerung, Gesinnung, Meinung
to apologize;sich entschuldigen
difference;Unterschied
economy;Ökonomie, Wirtschaft
interesting;interessant, kurios, merkwürdig, seltsam
to strive, to fight;kämpfen
sympathetic;sympathisch
outward;hinaus, heraus, nach draußen
spectacles, glasses;Brille
wool;Wolle
foreward;hervor, vorwärts
upper;oberer, obere, oberes, Ober-
to respect;Achtung erweisen, respektieren
Spaniard;Spanier
entrance;Eingang
married;verheiratet
none, nobody, no-one;keiner, keine, keines, niemand
poultry, birds;Geflügel
the ... the;je ... desto
lofty, high;erhaben, hoch
open;offen
customer, client;Klient, Kunde
tyre;Pneumatik, Reifen
clean;blank, rein, reinlich, sauber
to weigh;wägen, abwägen, wiegen, schwer sein
clothing, clothes;Kleider
as;als, wann, wenn, gemäß, nach, da, denn, weil, wie, inwiefern
banner;Banner, Fahne, Flagge
concert;Musikaufführung, Konzert
good night;Gute Nacht
little;gering, klein, wenig
to greet, to salute;grüßen, begrüßen
to invite;einladen
realm;Reich, Staat
to destroy;vernichten, zerstören, umbringen, verderben
thirty;dreißig
at some time, sometime;einmal, einst, irgendwann, jemals
to come after;folgen
to learn;lernen
concise;bündig, gedrängt, kurz
near;an, bei, neben, bevorstehend, kommend, künftig, nächst, nahe
garage;Garage
to swim;schwimmen
cocoa;Kakao
girl;Mädchen
summer;Sommer
cosmetic powder;Puder
a;in, nach, zu, ein gewisser, einer, irgend einer, irgendwer, jemand, à, je
flavour, aroma;Aroma, Duft
mind;Geist, Intellekt, Verstand
peach;Pfirsich
to avail;dienen, nützen
behind;hinter, hinten, nach
punctual, prompt, on time;akkurat, genau
cock, rooster;Hahn
to fix up;arrangieren, einrichten, ordnen, anorden, veranstalten
good morning;Guten Morgen
Austrian;österreichisch, Österreicher
to excuse;entschuldigen
separately;besonders, eigens
April;April
Europe;Europa
patience;Geduld
narrow;schmal
in which;worin
maestro;Meister
too;auch, ebenfalls, gleichfalls, zu, zu sehr, zu viel
remedy, resources;Mittel
signature;Unterschrift
to comb;kämmen
brief;kurz
friend;Freundin, Freund
safety;Sicherheit
to hire;anwerben, heuern, mieten
guilty;schuldig
postage stamp;Briefmarke
after;hinter, nach, nachdem
January;Januar
to arrive;ankommen, eintreffen, gelangen, zukommen, herzukommen
affable, good-natured;freundlich
to be bored, to be tired of something;sich langweilen
to be willing to, to want;wollen
at;an, bei, neben, um, zu
love;Liebe
to work;arbeiten
female teacher;Lehrerin
dollar;Dollar
comb;Kamm
to locate;legen, stellen
to take part;mitmachen, teilnehmen
factory;Fabrik
unwell, sick, ill;krank
they, you;man
cloud;Wolke
religion;Glaube, Religion
night;Nacht
million;Million
European;Europäer, europäisch
to err, to make a mistake;sich irren
university;Hochschule, Universität
when;als, wann, wenn
sincerity;Aufrichtigkeit
to defend;behaupten, beschützen, verteidigen
single;einfach, einzig
dough, paste;Pasta, Paste, Teig
hope;Hoffnung
cook;Köchin, Koch
to buy, to purchase;kaufen, erwerben, sich kaufen, einkaufen
beside;an, bei, neben, zu
accordingly;also, daher, denn, doch, folglich, jedoch, somit, wohl
waiter;Kellner
to waver;taumeln, wackeln, zagen, zaudern, zögern
October;Oktober
to slay, to kill;ermorden, töten
Saturday;Samstag, Sonnabend, Sabbat
village;Dorf, Ort
goat;Ziege
to listen;anhören, horchen, aushorchen, zuhören
efforts;Anstrengung
to forget;vergessen
afterwards;dann, darauf, hinterher, nachher, später
stop;Haltestelle, Station
round;rund, um, um ... herum
system;System
toast;Trinkspruch, Toast
front, frontage;Front, Vorderseite
to allow;lassen, überlassen, unterlassen, zurücklassen, erlauben, gestatten
road;Weg, Bahn, Chaussee, Strecke
aperture;Öffnung, Loch
outset, inception;Beginn, Anfang
fish;Fisch
Germany;Deutschland
that;der, die, das, welcher, welche, welches, dass, was, wer, dies, jenes
force, strength;Stärke, Gewalt, Kraft
railway, railroad;Bahn, Eisenbahn
without;ohne
newness;Neuheit
difficulty;Schwierigkeit
bride;Braut
next to;an, bei, neben
portal;Eingang, Tor
light;hell, licht, lichtvoll, Licht, flau, gelinde, schwach, leicht
influence;Einfluss
vehicle;Fuhrwerk, Gefährt, Wagen
technical;technisch
the same;derselbe, dieselbe, dasselbe
to judge;richten, urteilen, beurteilen
marmelade, jam;Konfitüre, Marmelade
drugstore, chemist's shop;Apotheke
grain;Korn, Getreide
nineteen;neunzehn
amount;Anzahl, Zahl, Betrag, Summe
to repair;reparieren
simultaneous;gleichzeitig
to believe;glauben
Tuesday;Dienstag
park;Park
manner;Art, Manier, Weise
toward;an, in, nach, zu, betreffs, bezüglich
pocket;Tasche
quite;genug, genügend, hinlänglich, ziemlich, sehr, ganz, gänzlich, gar
either ... or ...;entweder ... oder
driving-licence;Fahrerschein, Führerschein
German woman;Deutsche
veal;Kalbfleisch
judge;Richter
public;öffentlich, Publikum
real;effektiv, tatsächlich, wirklich, faktisch, real
who, which;der, die, das, welcher, welche, welches, wer
fool, gateway, gate;Tor
to dance;tanzen
to love;gern haben, lieben, mögen
clear;hell, licht, lichtvoll, anschaulich, bestimmt, deutlich, klar
pencil;Bleistift
garment;Anzug, Bekleidung, Gewand, Kleidung, Kleid
painting;Bild, Gemälde
dead;gestorben, tot, verstorben
Belgian woman;Belgierin
to laugh;lachen
this afternoon;heute Nachmittag
fellow;aneinander-, Mann
shirt;Hemd
curious;kurios, merkwürdig, seltsam, gespannt, neugierig
most;meist, am meisten
height;Höhe
afternoon;Nachmittag
to come to a halt;halten, anhalten, Halt machen, stocken, stoppen
traveller;Reisende
towel;Handtuch
constitution;Konstitution, Verfassung
whim, caprice;Eigensinn, Laune
station;Bahnhof, Haltestelle, Station
sound;Hall, Klang, Laut, Schall, Ton
naturally, natural;natürlich
to educate;aufziehen, bilden, erziehen, züchten
pleased, contented;zufrieden
hall;Halle
circumstances, situation;Fassung, Lage, Situation, Zustand
similar;ähnlich
Friday;Freitag
fall;Herbst, Fall
superior;höher, überlegen, Chef
untrue;falsch, unwahr
empty, void;leer
short;kurz
abrasive, acrimonious;grell, herb, scharf
to shut;schließen, verschließen, zumachen
these, this here, this;dies
to assert;behaupten
to cruise;kreuzen
bye;adieu, auf Wiedersehen, lebe wohl
practical;praktisch, real, wirklich
seldom, precious, rare;selten
public square, plaza;Platz
intermission, pause, break;Pause
workplace;Atelier, Werkstatt
profound;tief
thereafter;danach
as for the rest, for the rest, what's more;außerdem, übrigens, zudem
regulation;Regel
foreign country;Ausland
peril;Gefahr
packet;Bündel, Päckchen, Paket
reputation;Ansehen, Reputation, Ruf
widely;breit
neck;Hals
cabbage;Kohl
to be called;heißen
commerce;Handel
alongside;neben
hue, nuance;Abstufung, Nuance, Schattierung, Ton
source;Quelle
castle;Burg, Schloss
altogether;überhaupt, alles
as well as, and ... as well, and also;außerdem
plenty of;viel, viele
to depart, to go away, to absent onself;abreisen, fortgehen
soap;Seife
first;erster, erste, erstes, erst, erstens, zuerst
Chinese;chinesisch, Chinesisch, Chinese, Chinesin
to abduce, to abduct;fortführen, wegbringen
king;Dame, Ober [germana bildo], Dame [franca bildo], König
rabbit;Kaninchen
within, in, into;in, nach, zu
Mrs., madam;Frau
English language;Englisch, englische Sprache
lace;Spitze
to start;anfangen, beginnen, anstellen, aufschrecken, anstiften, veranlassen, anbrechen
photography;Lichtbild, Foto, Bild, Fotografie
what kind of, what sort of, what a;was für ein, welch
differently;andernfalls, anders, sonst
to depend;abhängen
till, until;bis
beard;Bart
interview;Interview
memory, recollection;Andenken, Erinnerung, Gedächtnis
niece;Nichte
whistle;Pfeife
to change;ändern, umändern, verändern, sich ändern, tauschen, umtauschen, wechseln, umwechseln
knife;Messer
medical;medizinisch
soft;süß, weich
naked, bare, nude;bloß, nackt
in exchange for, against, opposed to, across from;an, gegen, gegenüber, wider
costly;teuer
because;da, weil, denn
apple;Apfel
to take care, to care;Sorge tragen, sorgen
at last;endlich
kilo;Kilogramm
to snow;schneien
thin;mager, hager
quarter;Stadtviertel, Viertel
nor, still;noch
lake;See
to insure;versichern
dream;Traum
beef;Rindfleisch
long;lang, lange
such;solcher, solche, solches, derartiger, derartige, derartiges, so, auf diese Weise
series;Kette, Reihe, Serie
consequently;also, daher, denn, doch, folglich, jedoch, somit, wohl, folgerichtig, demzufolge, mithin, konsequent, schlüssig
police;Polizei
on the right;rechts
Poland;Polen
to prohibit, to forbid;untersagen, verbieten
motion picture, movie, film;Film
out of;aus, aus ... heraus
many;mancher, viele
outside of;außer, außerhalb
any;ein gewisser, einer, irgend einer, irgendwer, jemand, ein paar, einige, etliche, manche
to get tired;ermatten, ermüden
righthand;rechter
wish;Lust, Wunsch, Wille
quarter of an hour;Viertel, Viertelstunde
March;März
conversation;Gespräch, Unterhaltung, Unterredung, Konversation
to guide;dirigieren, führen, richten, steuern, leiten, lenken
Rhine;Rhein
representation;Abbild, Figur, Gestalt
Chinese lady, Chinese woman;Chinesin
to shove, to push along;schieben
to wait for, to wait, to expect, to await;warten, erwarten, harren
Christian name;Vorname
soup;Suppe
greatness;Größe
napkin;Serviette
moment, instant;Augenblick, Moment
lettuce;Kopfsalat, Salat
ready;bereit, fertig
to taste;schmecken, kosten
same;selber, selbe, selbes, gleicher, gleiche, gleiches
victory;Sieg
movement;Bewegung
to loan;borgen, leihen, darleihen, entlehnen, verleihen
taxi;Taxe, Taxi
granddaughter;Enkelin
past;Vergangenheit, über ... hinaus, vorbei, vorüber
queen;Dame, Ober [germana bildo], Dame [franca bildo], Königin
sleep;Schlaf
to cut off;abschneiden
commencement, start, beginning;Beginn, Anfang
god, God;Gott
speech;Rede, Vortrag, Wort
in case;falls
baker;Bäcker
director;Direktor, Leiter, Vorsteher
instead of;an Stelle von, statt, anstatt
hot;heiß
once more;noch ein Mal, abermals, von neuem, wieder, wiederholt, zurück
male cook;Köchin, Koch
nowhere;nirgends
to understand;begreifen, erfassen, verstehen
both;beide
to;an, in, nach, zu, für, um, um zu
solicitor, advocate, barrister, intercessor;Advokat, Anwalt, Rechtsanwalt
a long time;lange
minister;Minister
Norway;Norwegen
to redeem, to pay off;löschen
Asia;Asien
tourist agency, travel agency;Reisebüro
bank;Bank, Küste, Strand, Ufer, Gestade
brothers and sisters, siblings;Geschwister
bird;Vogel
to recall;behalten, gedenken, sich erinnern, erinnern, sich besinnen, sich entsinnen
responsible, accountable;verantwortlich
Denmark;Dänemark
evening meal, supper;Abendessen, Abendmahl
Mr.;Herr
to shoot;feuern, schießen
upstairs, on top;oben
yes;ja, doch
to permit;erlauben, gestatten
gazette;Zeitung
glove, mitten;Handschuh
bridge;Brücke
fruitless, futile;vergebens, vergeblich
Holland;Holland
brake;Bremse
forehead;Stirn
a little, to some extent, somewhat;ein wenig, etwas, ziemlich, ein bisschen
boarding school, boarding house;Fremdenheim, Pension
to study;studieren
never;nie, niemals, nimmer
peaceful;Friedens-, friedlich, gemütlich
to reek, to give off an odour;duften, riechen
information;Auskunft, Bericht, Bescheid
storey;Etage, Geschoss, Stock, Stockwerk
toy;Spielzeug
west;Westen
nevertheless;trotzdem, aber, doch, dennoch, jedoch
peninsula;Halbinsel
per;in, nach, zu, à, je, für, um, um zu
sleeping-car;Schlafwagen
grandmother;Großmutter
a lot of, much;viel, zahlreich, viele
eleven;elf
only;allein, bloß, erst, lediglich, nur, alleinig, einzig
trustworthy, reliable;vertrauenswert, zuverlässig
proud;hochfahrend, hochmütig, stolz
lesson;Lehraufgabe, Lektion, Unterrichtsstunde
school;Schule
taken, engaged, busy, occupied;besetzt
modern;modern
anew, all over again;abermalig, abermals, von neuem, wieder
precise;bestimmt, bündig, exakt, genau, präzis, präzise, pünktlich
gnat;Mücke
to type;tippen
probable;wahrscheinlich
rag;Fetzen, Lappen
business;Angelegenheit, Ding, Sache, Werk, Handel, Geschäft
distinct;anschaulich, bestimmt, deutlich, klar
completely;völlig
closet, cupboard, sideboard;Schrank
limb;Glied, Mitglied
mother;Mutter
likely;wahrscheinlich
daughter;Tochter
late;spät, gestorben, tot, verstorben
coffee;Kaffee
control, reign;Regieren, Regierung
twenty;zwanzig
inquisitive, agog;neugierig, gespannt
dreadful, terrible;entsetzlich, furchtbar, schrecklich, grässlich
beach;Strand
TV set, television set;Fernsehapparat, Fernsehgerät
thanks;Dank, danke
science;Wissenschaft
motorcycle;Kraftfahrrad, Motorrad
that one;der, die, das
narrative, tale;Erzählung, Geschichte
to in it;darin
to hide, to conceal;bergen, verbergen, verhehlen, verheimlichen, verstecken
Greece;Griechenland
parliament;Parlament
sport;Sport
discussion;Besprechung, Diskussion
to govern;leiten, herrschen, beherrschen, regieren
palace;Palast, Schloss
progress, advancement;Fortschritt
bulletin;Bericht
kiss;Kuss
state;Reich, Staat, Stand, Zustand
baby;Baby
formidable, extraordinary;außerordentlich
pretty;freundlich, liebenswürdig, hübsch
to tempt;in Versuchung führen, versuchen
November;November
please;bitte
bureau;Amt, Büro
hour, o'clock;Stunde, Uhr
sister;Schwester
capable;begabt, fähig, imstande, tüchtig
here;hierher, hierhin, hier
several times;manchmal
stairs, staircase;Stiege, Treppe
envelope;Briefumschlag, Kuvert, Umschlag
in action;aktiv, tätig
body;Körper, Leib
chain;Kette
institute;Anstalt, Institut
fashion;Mode, Weise
fruit;Frucht
to see;antreffen, begegnen, sehen, ansehen, besuchen, einen Besuch abstatten, Sorge tragen, sorgen
to control, to rule;herrschen, beherrschen, regieren
insect;Insekt
political;politisch
to congratulate;beglückwünschen, gratulieren
metre;Meter
bottle;Flasche
to leap, to jump;springen
care;Besorgnis, Sorge
dry;trocken
mountain;Berg
now;nun, jetzt, gegenwärtig
profession;Beruf, Gewerbe
great;ausgezeichnet, gediegen, trefflich, vortrefflich, vorzüglich, groß
another;anderer, anders, sonst, ein anderer
to cook;kochen
to eat;essen, fressen, genießen, speisen
May;Mai
litre, liter;Liter
contest;Preisausschreiben, Wettbewerb
of use;tauglich, tüchtig
to come about, to happen;geschehen, vorkommen, werden, passieren, sich ereignen, stattfinden
passenger;Fahrgast, Passagier
chore;Arbeit
valley;Tal
taking over, buy;Kauf, Einkauf
good afternoon, good day;Guten Tag
climate;Klima
hat;Hut
important;arg, bedeutend, bedeutsam, beträchtlich, erheblich, ernst, wichtig
highway;Landstraße
anger;Ärger, Groll, Zorn
wrongdoing;Unbill, Unrecht
style;Stil
Mister, sir;Herr
to decide;beschließen, entscheiden, sich entschließen
to come to an end;enden, endigen
hen;Huhn
journalist;Journalist
daily paper, journal;Journal, Zeitung
Austria;Österreich
measure;Maß
thirsty;durstig
to notice;auffassen, wahrnehmen, bemerken
literature;Literatur
to become;geschehen, vorkommen, werden
quality;Art, Eigenschaft, Beschaffenheit, Güte, Qualität
besides;außerdem, übrigens, zudem, ausgenommen, außer, fort, weiter
on account of, because of;anlässlich, wegen, anläßlich, halber, um ... willen
management;Verwaltung
probably;wohl, wahrscheinlich
breakfast;Frühstück
in vain;umsonst, vergebens, vergeblich
willingly;bereit, bereitwillig, gern
exchange;Wechsel
all the same;gleich
over there, at that place;da, dort
musician;Musiker
bedroom;Schlafzimmer
another man;ein anderer
group;Gruppe
one time;einmal
railway carriage, waggon;Bahnwagen, Wagen, Waggon
human race, mankind;Menschheit
Belgium;Belgien
church service, worship service;Gottesdienst
quaint;kurios, merkwürdig, seltsam
fifty;fünfzig
acuity;Schärfe, Achtung, Aufmerksamkeit
to narrate;erzählen
sky, heaven;Himmel
cautious;bedächtig, behutsam, besonnen, vorsichtig
to protest;anfechten, beanstanden, Einspruch erheben, protestieren
stroll;Spaziergang
Chinese language;Chinesisch
example;Beispiel, Exempel
across;jenseits, über, hinüber, drüben, im Jenseits, nach drüben
for a long time;lange
with the exception of;außer
comfort;Behaglichkeit, Komfort
solitary;allein, alleinig, bloß, einzig, einsam
just now;eben, gerade, just, soeben
livestock;Herde, Vieh
menu;Karte, Zettel, Menü, Speisekarte
useless;nutzlos, vergebens, vergeblich
to pass away, to die;sterben
melon;Melone
cashier's stand, money box, money-box;Geldkasten, Kasse
roof;Dach
caution;Sicherheit, Vorsicht
emergency, crisis;Krise
daydream;Traum
face;Angesicht, Antlitz, Gesicht
to lay;legen
nature;Charakter, Gemüt, Natur
evangelic;evangelisch
out;äußerlich, draußen, hinaus, heraus, nach draußen
must;müssen, sollen, Most
Belgian;belgisch, Belgierin, Belgier
to jest, to joke;scherzen
rumour, rumor;Gerücht, Ruf
central;zentral
to pardon;begnadigen, entschuldigen, verzeihen
route;Bahn, Chaussee, Strecke, Weg
twelve;zwölf
Sunday;Sonntag
object;Ding, Gegenstand, Objekt
door;Tür
church;Kirche
however;aber, doch, dennoch, jedoch
to let;lassen, überlassen, unterlassen, zurücklassen, vermieten
degree;Grad, Staffel, Stufe, Titel
to organize;einrichten, organisieren
to knock;klopfen, schlagen
rice;Reis
bus stop;Bushaltestelle
beyond;weiter, danach, über ... hinaus, vorbei, vorüber, jenseits, über, hinüber
handkerchief;Taschentuch
to leave out, to overlook;verpassen
injury, wound;Verwundung, Verletzung, Wunde
married people, couple;Ehepaar
to exist;bestehen, da sein, existieren, vorhanden sein
polite, courteous, well-mannered;höflich, artig, galant
to pick up;beschleunigen, holen, sammeln, einsammeln, fassen, nehmen
electricity;Elektrizität
to contain;enthalten
than;als
ribbon;Band
nose;Nase
movie theatre;Kino
oil;Öl
Russia;Russland
distant;entfernt, entlegen, fern, weit
centre;Mittelpunkt, Zentrum
England;England
countryside;Land
so;also, daher, denn, doch, folglich, jedoch, somit, wohl, damit, dass, so, auf diese Weise
already, by now;bereits, schon
at home;heim, daheim, zu Hause
awake;wach
fine;hübsch, schön, ausgezeichnet, gediegen, trefflich, vortrefflich, vorzüglich, sehr gut, hervorragend, delikat, fein, zart, Geldstrafe
diverse, varied, various;verschieden
to become the husband of, to become the wife of;heiraten, sich verheiraten mit
as a matter of fact;freilich, tatsächlich
to betray;verraten
at long last, ultimately, finally;endlich
Frenchman;Franzose
taste;Geschmack
land;Land, Boden, Erdboden, Erde, Grund, Terrain
father;Pater, Vater
American woman;Amerikanerin
shape;Form, Gestalt
glad;froh
possible;möglich
to tie up;binden, verbinden
danger;Gefahr
to bandage;wickeln, einwickeln
September;September
mark;Signal, Abzeichen, Anzeichen, Kennzeichen, Merkzeichen, Wink, Zeichen
desire;Lust, Wunsch
afresh, again;abermalig, abermals, von neuem, wieder, wiederholt, zurück
basis;Basis, Grundlage
finger;Finger
canal;Graben, Kanal
aunt;Tante
strike;Streik
necessary;nötig, notwendig, erforderlich
landlord, innkeeper;Wirt
pork;Schweinefleisch
uncle;Onkel
tomato;Tomate
attempt;Bemühung, Mühe, Mühsal, Versuch, Probe, Prüfung
compensation, reward;Belohnung, Lohn
good evening;Guten Abend
dwelling;Wohnhaus, Wohnung
dame;Dame
book;Buch
grey;grau
such a, that kind of;solcher, solche, solches, derartiger, derartige, derartiges
to have got;besitzen, haben, innehaben
death;Tod
to be asleep, to sleep;schlafen
tram, streetcar;Straßenbahn
hit, craze;Wut
sudden;plötzlich
lamp;Lampe
hog, pig, swine;Schwein
bitter;bitter
West;Abendland, Okzident, Westen
furthermore;fort, weiter
exercise;Übung
pullover sweater;Pulli
brother;Bruder
accurate;akkurat, genau, bestimmt, bündig, exakt, präzis, präzise, pünktlich
island;Eiland, Insel
to clip, to shear;scheren, abscheren, schneiden, abschneiden
article of clothing;Anzug, Gewand, Kleid
physics;Physik
wholly;ganz, gänzlich, gar
some;ein wenig, etwas, ziemlich, ein bisschen, ein gewisser, einer, irgend einer, irgendwer, jemand, ein paar, einige, etliche, manche
dance;Ball, Tanz
morning;Frühe, Morgen
skinny, skimpy, lean;mager
olive;Olive
cough;Husten
according to;gemäß, nach
worth, value;Bedeutung, Geltung, Wert
to amuse;amüsieren, belustigen, ergötzen, unterhalten
blouse;Bluse
act;Handlung, Tat, Akt, Akte
backwards;rückwärts, zurück
provided that;falls, wenn
fact;Tatsache
that is;das heißt, das ist
soil;Grund (Boden), Boden (Grund), Erdboden, Grund, Boden, Erde, Land, Terrain
to opine;dafür halten, erachten, meinen
smooth;eben, glatt, flach, geläufig
eye;Auge
to give back;vergelten, wiedergeben, zurückgeben
letterbox, mailbox;Briefkasten
to sell, to vend, to dispose of;veräußern, verkaufen
birth;Geburt
Italian;italienisch, Italiener
kitchen;Küche
lamb;Lamm
fairy tale;Märchen
to wash;spülen, waschen
folk;Volk
to come across, to encounter;antreffen, begegnen
postman;Briefträger
ferocious, wild, savage;wild
fear;Angst, Furcht
to be worth;aufwiegen, gelten, wert sein
well-known;bekannt
to undertake;unternehmen, veranstalten, trachten nach, sich anstrengen, sich bemühen
careful;bedächtig, behutsam, besonnen, vorsichtig, sorgfältig, sorgsam
wall;Mauer, Wand
umbrella;Regenschirm
fewer, less;weniger
better;besser
quiet;fromm, gelassen, ruhig, sanft
around;um, um ... herum
to get in;einsteigen
number;Anzahl, Zahl, Nummer
shoe;Schuh
American;amerikanisch, Amerikaner
to kiss;küssen
to censure, to criticize;begutachten, kritisieren
acrid;sauer, grell, herb, scharf
loaf, bread;Brot
to halt;halten, anhalten, Halt machen, stocken, stoppen, bremsen, sperren
human;menschlich
waiting, attendance;Bedienung, Dienst
regrettably, alas;bedauerlich, leider
thief;Dieb
birthday;Geburtstag
spare time, time off;Ferien
to detain, to hold back;zurückhalten
aged;alt
fiancé;Bräutigam
to shape, to form;bilden, formen, gestalten
work;Arbeit, Werk
to be interested, to take an interest;sich interessieren
grape;Traube, Weintraube
nephew;Neffe
article of dress;Anzug, Bekleidung, Gewand, Kleidung
cross;arg, böse, Kreuz
affair;Angelegenheit, Ding, Sache, Werk, Fall, Kasus
hoop, tire;Reifen
ministry;Ministerium
deputy;Abgeordneter
to leave behind;hinterlassen
Wednesday;Mittwoch
action;Handlung, Tat, Kampf, Schlacht, Wirksamkeit, Einfluss, Prozess
shade;Abstufung, Nuance, Schattierung, Ton, Schatten
meaning;Absicht, Plan, Sinn, Verstand, Bezeichnung, Meinung, Bedeutung
garden;Anlage, Garten
disease, ailment, illness;Krankheit, Erkrankung
to be sorry about;bedauern
kind;freundlich, liebenswürdig, gutherzig, bereitwillig, Abart, Art, Gattung, Schlag, Sorte
cow;Kuh
onerous, heavy, difficult, burdensome;schwer
to doubt;zweifeln, bezweifeln
North;Norden
US citizen;Amerikaner
rung, stair;Staffel, Stufe
to commence;anbrechen, anfangen, beginnen
store, shop;Geschäft, Laden, Kramladen
Easter;Ostern
pail, bucket;Eimer
to head;führen, leiten, lenken
up-to-date, topical;aktuell, gegenwärtig
sandwich;Sandwich
museum;Museum
to be similar, to resemble;ähneln, gleichen
cheese;Käse
to lose;verlieren
tone;Ton
Thursday;Donnerstag
surname;Familienname, Nachname
to throw away;fortwerfen, wegwerfen
while;während, Zeit
to correct;berichtigen, korrigieren, verbessern
test;Examen, Essay, Probe, Prüfung, Versuch
today;heute
December;Dezember
to gain, to win, to earn;erringen, gewinnen
orchestra;Orchester
automobile, motor car;Auto, Automobil
alone;allein, alleinig, bloß, einzig, nur
sum;Betrag, Summe
to wear, to carry;tragen
nice;behaglich, angenehm, genehm, freundlich, liebenswürdig, gut, gütig, nett, hübsch, delikat
to beat;hauen, schlagen
upon;um, an, gegen, gegenüber, wider, anbelangt, betreffend, über, von, auf
strongly, very much, very;sehr
admirable;bewundernswert, wunderbar
on;hervor, vorwärts, in, nach, zu, um, durch, mit, vermittels, ferner, mehr, weiter, anbelangt, betreffend, über, von, an, auf
to converse;sich unterhalten
miss;vermissen
before;jüngst, vor, bevor, ehe
on the other side of;jenseits, über, hinüber
word;Vokabel, Wort
intention;Absicht, Plan
pass;Urlaub
actor;Schauspieler
Englishman;Engländer
vigorous;forsch, tüchtig, kräftig, stark
republic;Freistaat, Republik
new;neu
gesture;Gebärde, Geste
agreeable, pleasant;behaglich, angenehm, genehm, vergnügt, vergnüglich
lemon;Zitrone
anguish, fright;Angst
speciality, pigeonhole;Abteilung, Fach
to ride;reiten, fahren
from;von ... ab, seit, aus, aus ... heraus
potato;Erdapfel, Kartoffel
lady;Dame, Ober [germana bildo], Dame [franca bildo], Frau, Herrin
throat;Gurgel, Kehle
insane, crazy;irre, toll, verrückt, wahnsinnig
to celebrate;feiern
Italy;Italien
to solve;lösen
bean;Bohne
to seem, to appear to be;scheinen
pound sterling;Pfund Sterling
culture;Kultur
machine;Maschine
sort;Abart, Art, Gattung, Schlag, Sorte
fully;völlig
art;Kunst
on the left;links
hindmost;nachträglich, später
good luck;Viel Glück
comrade, pal, buddy;Genosse, Kamerad
salesman;Ladengehilfe, Verkäufer
picture;Ansicht, Bild, Abbild, Figur, Gestalt, Gemälde
seventy;siebzig
grease;Fett
tired;matt, müde
awfully;furchtbar
to practice;anwenden, verwenden, praktizieren
fairly, relatively;ziemlich
mountain chain;Gebirge
coffee-house, café;Café
pawn, soldier;Soldat
to store;bergen, suspendieren, zurücklegen
corpulent;dick
conduct, behaviour;Benehmen, Betragen, Verhalten
English;englisch, Englisch, englische Sprache, Engländerin
fur piece, fur coat;Pelz
town-hall, town hall, city hall;Rathaus
clock;Uhr
piano, pianoforte;Klavier
Miss;Fräulein
to damage;beschädigen, (jmd.) schaden, schädigen, Schaden zufügen, verderben, verletzen
acceptation;Annahme, Übernahme, Zusage, Bezeichnung, Meinung, Bedeutung
whether, either;ob
instead;anstatt
pastor;Pastor, Pfarrer, Geistliche, Priester
function;Funktion, Tätigkeit, Wirksamkeit, Amt, Anstellung, Dienst
counsel;Advokat, Anwalt, Rechtsanwalt, Rat, Ratschlag
fork;Gabel
first name;Vorname
a lot;massig, sehr, viel, arg, eine Menge
continuation;Fortsetzung
map;Karte, Zettel
tails, dress-coat, evening dress;Frack, Rock
guest;Gast
cool;kühl
to disappear;entschwinden, verschwinden
frequent;häufig
this way;hierher, hierhin
to apply;anwenden, verwenden
fever;Fieber
doctor;Doktor, Arzt
hill;Halde, Hügel
far away, afar, remotely;weit
to persecute, to prosecute;fahnden, verfolgen
photograph;Lichtbild, Bild, Foto
tongue;Zunge, Sprache
conference;Beratung, Konferenz
wood, timber;Holz
how much;wieviel
warmth;Wärme
motor;Motor
vacation;Ferien
mathematics;Mathematik
typical;typisch
magazine;Zeitung, Magazin, Zeitschrift, Revue
homy;gemütlich
chicken;Huhn, Küken, Henne
to propose;beantragen, vorschlagen
lip;Lippe
professor;Professor
music;Musik
for;während, für, um, um zu, anläßlich, halber, um ... willen, wegen, da, denn, weil
freedom;Freiheit
pure;blank, rein, reinlich, sauber
trait, feature;Gesichtszug, Zug
feminine;weiblich
to own, to possess;besitzen
to have;besitzen, haben, innehaben, bekommen, empfangen, erhalten
fantasy;Einbildungskraft, Phantasie
to be alive;leben
to repeat;entgegnen, wiederholen
flour;(feines) Mehl, Mehl
tall;erhaben, hoch, groß
to concern;angehen, anlangen, betreffen, sich beziehen (auf), beschäftigen (mit), zu tun haben (mit), sich verhalten (zu)
to repose, to rest;ruhen, sich ausruhen
cousin;Base, Kusine, Cousin, Vetter
duck;Ente
handlebars, rudder, helm;Lenkrad, Ruder, Steuer
thus;folglich, so, auf diese Weise
to breathe;atmen
the day after tomorrow;übermorgen
Jesus Christ;Jesus Christus
down;Daune, Flaumfeder, abwärts, herab, herunter, hinab, hinunter, nach unten
appetite;Appetit
vigour;Tätigkeit, Gewalt, Kraft
ladder;Leiter
to hold;fortsetzen, weitermachen, halten, aufhalten
world;Welt
dot;Punkt
Australia;Australien
battle, fight;Kampf, Schlacht
awareness, consciousness;Bewusstsein
bull;Stier
cake;Kuchen
nearly, almost;beinahe, fast, nahezu, schier, ungefähr
woman;Frau
factual;faktisch, wirklich
finished;fertig, bereit
African;afrikanisch, Afrikaner
East;Orient, Osten
to harvest;einernten, schneiden
obviously;offenbar
gladness, joy;Freude
actually, in fact;freilich, tatsächlich
anywhere;irgendwo
bank-note;Bon, Schein, Banknote
re-;rück-, wieder, wieder-, zurück, zurück-
to swotch on, to set in;anfangen, beginnen
to borrow;borgen, entlehnen, leihen, darleihen, verleihen
outside;außer, außerhalb, äußerer, äußerlich, draußen, hinaus, heraus, nach draußen
instrument;Instrument, Werkzeug
to freeze;frieren
several;verschiedene, mehrere
to view;anblicken, ansehen, blicken, schauen, zuschauen, zusehen
office;Büro, Geschäftszimmer, Amt, Anstellung, Dienst
on no account, in no way, by no means;auf keiner Weise, gar nicht, in keiner Weise, keineswegs
for instance, for example;zum Beispiel
to call on, to visit;besuchen, einen Besuch abstatten
to embarrass;verhindern
church-building, place of worship, house of worship;Kirche
post office;Postamt
to find oneself, to be found, to be located;sich aufhalten, sich befinden
reality;Wahrheit
as a whole, on the whole;überhaupt
towards;an, in, nach, zu, betreffs, bezüglich, um, um ... herum
to drive off;abfahren, abreisen
baton, stick;Stab, Stock
on one's back;rückwärts
officer;Offizier, Beamter
use;Anwendung, Verwendung, Benutzung, Gebrauch
cherry;Kirsche
port, harbour;Hafen
accident;Unfall, Zufall
teacher;Lehrerin, Lehrer
to conjecture;mutmaßen, vermuten
soul;Gemüt, Seele
foolish;albern, dumm
good;gut, gütig, Gute
everywhere, all about;allenthalben, allerorten, überall
shoulder;Achsel, Schulter
enjoyable;behaglich, angenehm, genehm
topic;(aktuelles) Thema, Thema
welcome;willkommen
to speak, to talk;reden, sprechen
marriage;Ehe
China;China
but;ausgenommen, aber, allein, dagegen, sondern, doch, dennoch, jedoch
revolution;Revolution
to leave;abreisen, fortgehen, entäußern, fortlassen, überlassen, unterlassen, vererben, lassen, zurücklassen
heart;Gemüt, Herz
declaration;Verkündung, Deklaration, Erklärung, Angabe, Anzeige
to hate;hassen
mature, ripe;reif
scenery, landscape;Landschaft
scene;Bühne, Szene
Christian;Christ
to put on;anfangen, beginnen, anstellen, anziehen
to attend;pflegen, warten, besuchen, einen Besuch abstatten
to merit, to be worthy of, to deserve;verdienen
smoke;Rauch
ship;Schiff
Portugal;Portugal
secure;sicher
abortive;vorzeitig, nutzlos, vergebens, vergeblich
to recover;genesen, heilen
to go back;zurückkehren
farewell, goodbye;adieu, auf Wiedersehen, lebe wohl, Abschied
inch;Zoll
to consist of;bestehen aus
to regard, to consider;berücksichtigen, betrachten, erwägen, sich überlegen, anblicken, ansehen, blicken, schauen, zuschauen, zusehen
near to;an, bei, neben
pale, sallow;blass, bleich, fahl
name, appellation;Name
whereas, during;während
for the sake of;anläßlich, halber, um ... willen, wegen
storm;Sturm
happiness;Glück
back;rückwärts, Rückseite, Kehrseite, Rücken, Hinterseite, rück-, wieder, wieder-, zurück, zurück-
to begin;anfangen, beginnen, anbrechen
to cost;kosten
invitation;Einladung
predominant;hauptsächlich, vorzüglich
Turkish;türkisch
dog;Hund
mile;Meile
to smoke;rauchen
exit, way out;Ausgang
principle;Grundsatz, Prinzip
son;Sohn
to clutch, to grip, to grab;greifen, angreifen, ergreifen
further;weiter, ferner, mehr
humane;human, menschenfreundlich, menschlich
yellow;gelb
okay;gut, gütig, wohl, gerade
to need;benötigen, brauchen, nötig haben
nation;Nation, Volk
Monday;Montag
rain;Regen
statement;Angabe, Anzeige
to return;vergelten, wiedergeben, zurückgeben, zurückkehren, zurückkommen
flower;Blume
silence;Schweigen, Stille
inclusively, including;einschießlich, inklusive
ability;Kapazität, Befähigung, Vermögen, Kompetenz, Fähigkeit, Gewalt, Können, Kraft, Macht, Brauchbarkeit, Tauglichkeit
in front of;jüngst, vor
to make a note, to note;anmerken, aufschreiben, aufzeichnen, notieren
at least;wenigstens
mist, fog;Nebel
to smile;lächeln
to marry;heiraten, sich verheiraten, sich verheiraten mit
wonted, accustomed, customary, used to;geläufig, üblich
if;falls, wenn, ob
flu, influenza;Grippe
trade;Handel, Beruf, Gewerbe, Handwerk, Geschäft
tea;Tee
Christmas;Weihnachten
just;billig, gerecht, allein, bloß, erst, lediglich, nur, gleich, sofort, umgehend, sogleich, gerade, eben, just, soeben
space;Raum
dinner, midday meal;Mittagessen
Greek;griechisch, Grieche
juice, sap;Saft
passport;Pass, Reisepass
second;zweiter, zweite, Sekunde
multicoloured;bunt
street;Straße
rose;Rose
reply, answer;Antwort
sack, bag;Beutel, Sack
friendly;freundlich, freundschaftlich
to recognize;anerkennen, wiedererkennen
engine;Lokomotive, Maschine, Motor
operation, surgical operation;Operation
spectator;Zuschauer
vegetable;Gemüse
to rain;regnen
to communicate;anschließen, mitteilen, verbinden
river;Fluss
to switch on;anstellen
to fill in, to fill up;ausfüllen, erfüllen
mode;Art, Manier, Weise, Mode
Hollander;Holländer
repute, hearsay;Gerücht, Ruf
to agree;übereinstimmen, sich verständigen, übereinkommen, verabreden, vereinbaren, beipflichten, beistimmen, einwilligen, zustimmen, zuwilligen
to boil;kochen, sieden, brausen, auskochen, absieden
balcony;Balkon
to accept;annehmen, empfangen, genehmigen
donkey;Esel
yet;noch, bereits, schon, aber, doch, dennoch, jedoch
trouble;Schwierigkeit, Problem
to lay down, to put, to put down;legen, setzen, stecken, stellen
somewhere;irgendwo, irgendwohin
house;Haus
affluence, wealth;Reichtum
daily;täglich, alltäglich
family;Familie
farther;weiter
bond;Band, Obligation, Schuldverschreibung, Verpflichtung
sacred, holy;heilig
theme;Thema
except for;ausgenommen, außer
German language;Deutsch, deutsche Sprache
chauffeur;Chauffeur, Fahrer
product, production;Erzeugung, Produktion
window-glass;Fensterscheibe
period;Periode, Punkt
dust;Staub
meadow;Anger, Aue, Wiese, Weide
extremely;sehr, viel, äußerst, extrem, außerordentlich, höchst, überaus, ungemein
category;Kategorie
banknote, bank note;Banknote, Schein
South America;Südamerika
solely;allein, nur
with;in Begleitung von, mit, zusammen mit, zuzüglich, durch, vermittels, an, bei, zu
worker;Arbeiter
scholar;Gebildeter, Schüler
egg;Ei
July;Juli
blood;Blut
red;rot, Rot
penny;Penny
flight;Flug
to wound;verletzen, verwunden
to pay;zahlen, abzahlen, auszahlen, bezahlen, einzahlen, entrichten
instantly, instantaneous, without delay;gleich, sogleich
brush;Bürste
Danish;dänisch, Dänisch
to go in;eintreten
along;entlang
private;privat
character;Charakter, Gemüt, Natur, Abzeichen, Anzeichen, Kennzeichen, Merkzeichen, Wink, Zeichen
to create;schaffen, erschaffen, abfassen, verfassen
Ireland;Irland
chilly;kalt
dentist;Zahnarzt
in addition;zusätzlich, zudem, außerdem, fort, weiter
butter;Butter
to brake;bremsen
beautiful, handsome;hübsch, schön
bad;böse, schlecht, faul, faulig
to desire;wünschen
city, town;Ort, Stadt
to arrange;arrangieren, einrichten, ordnen, anorden, veranstalten, anordnen
antique, ancient;altertümlich, antik
British;britisch
gathering;Versammlung, Zusammenkunft
acerbic;sauer, grell, herb, scharf, bitter
year;Jahr
mouse;Maus
child-birth;Gebären, Geburt
ridiculous;lächerlich
centimetre;Centimeter, Zentimeter
busstop;Bushaltestelle
oh;oh!, ach, oh
powder;Puder, Pulver
to expire;enden, endigen, sterben
to put off, to take off;zurücklegen
willingness;Wille
home;nach Hause, Haus, Heim
quick, swift, rapid;geschwind, hurtig, rasch, schnell
kilometre;Kilometer
where;wo, wohin
ground;Boden, Grund, Grund (Boden), Boden (Grund), Erdboden, Gelände
announcement;Ankündigung, Bekanntmachung, Annonce, Anzeige, Inserat, Benachrichtigung, Auskunft
rule;Regieren, Regierung, Regel
subject;Subjekt, Thema
plain;Ebene, anschaulich, bestimmt, deutlich, klar
seventeen;siebzehn
thirteen;dreizehn
district;Bezirk, Amtsbezirk, Distrikt, Stadtviertel, Viertel
thence, from there;daher
backward, aback;rückwärts, zurück
to caution, to warn;warnen
definite;definitiv, endgültig, bestimmt
to break off;abbrechen, brechen, zerbrechen
last;letzter, letzte, letztes, vorig
health;Gesundheit
to initiate;anstiften, veranlassen
this evening;heute abend
to sing;singen
intelligence;Intelligenz, Verstand
hotel;Hotel
language;Sprache
to serve;Dienst tun, dienen, bedienen, auftragen
thirst;Durst
anxious;besorgt, unruhig
confectionery;Konditorei
department;Departement, Abteilung, Fach
not at all;auf keiner Weise, gar nicht, in keiner Weise, keineswegs, durchaus nicht, ganz und gar nicht
politics;Politik
glass;Glas, gläsern
fifteen;fünfzehn
appearance;Erscheinung, Anblick, Aussehen, Aspekt, Anschein, Ansehen, Augenschein, Schein
leave;Urlaub, Erlaubnis
means;Mittel, Werkzeug
repose;Ruhe
pepper;Pfeffer
hardworking;beflissen, emsig, fleißig, geflissentlich, strebsam, arbeitsam, geschäftig
to discuss;diskutieren, erörtern, verhandeln, bereden, besprechen, sprechen über
altitude;Höhe
perfume;Parfüm
on that account;dafür, darum, deshalb, also, daher
blond, fair-haired;blond
song;Gesang, Lied
sheep;Hammel, Schaf
frost;Frost
to attempt;trachten nach, sich anstrengen, sich bemühen, sich abmühen, sich Mühe geben, erproben, probieren, prüfen, versuchen
candela, candlepower, candle;Kerze, Licht
doubt;Bedenken, Zweifel
of;von, des
newspaper;Zeitung, Journal
to be able, to be able to;fähig sein (zu), können, dürfen, vermögen
practice of medicine;Medizin
lord;Lord, Herr
class;Klasse, Kurs, Kursus
to tolerate;dulden
pleasure;Gefallen, Freude, Genuss, Vergnügen
tempest;Sturm
to be missing;abwesend sein, fehlen, mangeln, ermangeln
cheque;Bankanweisung, Scheck
to occur;geschehen, passieren, sich ereignen, stattfinden, vorkommen
singer;Berufssänger, Kantor, Sänger
bottom;Boden, Grund
present-day;aktuell, gegenwärtig, heutig
to flame;brennen
colleague;Amtsbruder, Amtsgenosse, Genosse, Kollege
to fill;einnehmen, ausfüllen, erfüllen
to divert;zerstreuen, fortführen, wegbringen
problem;Problem
to help, to assist, to aid;assistieren, beistehen, helfen
capital;Kapital, Hauptstadt
done, completed;fertig
to export;ausführen, exportieren
to grow;geschehen, vorkommen, werden, gedeihen, wachsen, anwachsen, heranbilden, züchten, veredeln, hegen, bebauen, anbauen, kultivieren
revue;Revue, Zeitschrift
something, anything;etwas, irgendetwas
pricey;wertvoll, teuer
meat, flesh;Fleisch
priest;Geistliche, Pastor, Pfarrer, Priester
bomb;Bombe
as ... as;ebenso ... wie, sowohl ... als
different;verschieden, verschiedenartig, anders
ham;Schinken
cold;kalt, Kälte, Erkältung
nearby;an, bei, neben, dabei, daneben, angrenzend, anstoßend, benachbart, bevorstehend, kommend, künftig, nächst, nahe
patient;geduldig, Patient
petrol, gasoline;Benzin
to tend to;pflegen, warten
to show;manifestieren, angeben, weisen, hinweisen, zeigen, andeuten, markieren, zeichnen, anzeichnen, kennzeichnen
ugly;hässlich
image;Ansicht, Bild, Abbild, Figur, Gestalt
continuous;fest, stetig, ununterbrochen
sixteen;sechzehn
spoon;Löffel
troubled;besorgt, unruhig
target, purpose, aim;Ziel, Zweck
future;Futur, Futurum, Zukunft
angle;Winkel, Ecke
beer, ale;Bier
truly, really, genuinely;tatsächlich, fürwahr, wahrhaftig, wahrlich, wirklich
scarcely, barely, hardly, only just;kaum
delivery;Gebären, Geburt, Abgabe
female;weiblich, Weib, Weibchen
satisfied;zufrieden, satt
stocking;Strumpf
to turn;ändern, umändern, verändern, drehen, wenden, abschweifen, abweichen, invertieren, umkehren, kappen, umstoßen, umstürzen, umwerfen, drechseln, kehren, umdrehen, umwälzen, umwenden, tauschen, umtauschen, wechseln, umwechseln
want;Bedarf, Bedürfnis, Lust, Wunsch
August;August
cup;Tasse
courage;Mut
to convince;überreden, überzeugen
document;Handlung, Tat, Dokument, Urkunde, Akt, Akte
swiftly, quickly;flugs, geschwind, schnell
people;Leute, Volk
beast;Vieh, Tier, Bestie
milk;Milch
company;Firma, Gesellschaft
jealous;neidisch, eifersüchtig
dangerous;besorglich, gefährlich
salt;Salz
to take steps;trachten nach, sich anstrengen, sich bemühen
half;halb, Hälfte
those;das, dies, jenes, die, jene
to succeed;Erfolg haben, gelingen
courtroom;Gericht
female cook;Köchin
civilized;gesittet
sufficiently;genug, genügend, hinlänglich, ziemlich
goal;Ziel, Zweck, Tor
bright;blank, hell, licht, lichtvoll
sincere;aufrichtig
not;nein, nicht
thermometer;Thermometer
looking-glass, mirror;Spiegel
fourteen;vierzehn
to be fond of;mögen
to express;ausdrücken
piece of furniture;Möbel
above;oberhalb, über, oben, aufwärts, empor, herauf, hinauf, nach oben
to maintain;argumentieren, beweisen, aufbewahren, behalten, bergen, erhalten, konservieren
to indicate, to point out;andeuten, weisen, anweisen, zeigen, angeben, hinweisen, markieren, zeichnen, anzeichnen, kennzeichnen
Satan, devil;Teufel
greeting;Begrüßung, Gruß
to burden;beauftragen, belasten, laden, aufladen, beladen
to prepare;bereiten, vorbereiten, zurichten
to shop;shoppen, einkaufen gehen
very well;sehr gut, hervorragend
alien;verabscheuenswürdig, verabscheuenswert, Ausländer, ausländisch, fremd, widerwärtig
perfect;perfekt, trefflich, vollendet, vollkommen
heating;Heizung
war;Krieg
motorbus, bus;Autobus, Bus
ever since;seit
pate;Kopf, Pastete
terrace;Terrasse
to draw back, to withdraw, to retrieve;zurückziehen
wind;Wind
haste;Hast, Geschwindigkeit
at all;auch immer, auch nur, ganz, gänzlich, gar
serious;arg, bedeutend, bedeutsam, beträchtlich, erheblich, ernst, wichtig, ernsthaft, gesetzt
way;Weg, Bahn, Angewohnheit, Brauch, Gebrauch, Gepflogenheit, Gewohnheit, Usus, Art, Manier, Weise, Chaussee, Strecke
money;Geld
brown;braun, Braun
student;Student
periodical;Zeitung, Zeitschrift, Revue
thank you;danke
examination;Examen
car;Auto, Automobil
together;aneinander, beisammen, gesamt, insgesamt, zugleich, zusammen
agitated;aufgeregt, erregt, besorgt, unruhig, nervös
knee;Knie
path;Weg, Bahn, Fußweg, Pfad, Steg, Steig
to slice;schneiden
to interest;interessieren
to enjoy;frohlocken, sich freuen, genießen, sich freuen an
entirely;völlig, ganz, gänzlich, gar
to be lacking;fehlen, mangeln, ermangeln
to pilot;lotsen, steuern
to restrict, to limit, to confine;begrenzen, beschränken, einschränken
experiment;Experiment, Versuch
wheat;Weizen
fiancée;Braut
nationality;Staatsangehörigkeit
clinic;Klinik
thought;Gedanke
choice, election;Auslese, Wahl
there;dahin, dorthin, da, dort
capital city;Hauptstadt
grandfather;Großvater
law;rechtlich, juristisch, Gesetz
to take along;mitbringen, mitnehmen
in the evening;abends
conscience;Gewissen
to turn on;anfangen, beginnen, anstellen, einschalten
by chance, adventitious, random;zufällig
to hope;hoffen
cinema;Kino, Kinovorführung, Chinarinde
indeed;freilich, tatsächlich, allerdings, immerhin, ja, ja doch, wohl, zwar, fürwahr, wahrhaftig, wahrlich, wirklich
to admire;bewundern
honor, honour;Ehre
particularly, specially;ausdrücklich, besonders, speziell
fun;Unterhaltung, Vergnügen, Amüsement, Freude, Genuss
crew;Mannschaft
minute;Minute
carpet;Teppich
companion;Gefährte, Genosse, Kamerad, Geselle
instructor;Lehrer
Spain;Spanien
month;Monat
tooth-brush;Zahnbürste
generally;generell, überhaupt
to invent;ausdenken, erdenken, erfinden, entdecken
superscription;Überschrift
wonderful;wunderbar
downstairs;unten
granule;Korn
Federal Republic of Germany;Bundesrepublik, Bundesrepublik Deutschland
question;Frage
snow;Schnee
to dwell;wohnen
adult;Erwachsener, volljährig, ausgewachsen, erwachsen
article;Artikel, Abhandlung, Ding, Gegenstand, Objekt
woods, forest;Forst, Wald
to sit down;sich setzen
trousers, pants;Hose
faction;Fraktion, Partei
Englishwoman;Engländerin
feeling, feel;Sinn
girdle;Gurt, Gürtel
forty;vierzig
evening;Abend
thing;Ding, Gegenstand, Objekt
cellar, basement;Keller
for nothing;gratis, umsonst
to equal;entsprechen
to feel;fühlen, befühlen, tasten, antasten, betasten, tappen, empfinden
to bring along;mitbringen, mitnehmen
high school;Gymnasium
to wed;heiraten
to lull;wiegen
working man, laborer, operative, labourer, workman;Arbeiter
field;Acker, Feld, Flur, Land
to inhibit, to prevent;behelligen, hindern, behindern, stören, verhindern
to accompany;begleiten
peace;Friede
eighteen;achtzehn
aircraft;Flugzeug
to affect;berühren, beeinflussen, einwirken, Einfluss haben auf, ergreifen, erregen, rühren
gruesome;verabscheuenswürdig, verabscheuenswert, entsetzlich, furchtbar, schrecklich, grässlich
to account;erachten, kalkulieren, rechnen, berechnen, berücksichtigen, betrachten, erwägen, sich überlegen, glauben, dafür halten, meinen
clergyman;Geistliche, Pastor, Pfarrer, Priester
host;Wirt, Gastgeber
exercise-book, notebook;Heft
to cry;weinen
postcard;Postkarte
a few;ein paar, einige, etliche, manche
to grasp;greifen, angreifen, ergreifen
painter;Maler
farmer;Bauer, Landwirt
to shelter;bergen, schirmen, beschirmen, beschützen
France;Frankreich
term;Ausdruck, Terminus, Wort
since;seit, von ... ab, da, denn, weil
sea;Meer, See
living room, living-room;Wohnzimmer
ninety;neunzig
to sense;empfinden, fühlen
conclusion;Ende, Schluss, Schlussfolgerung, Folgerung, Erfolg, Ergebnis, Resultat
broad;breit, weit
course;Kurs, Kursus, Schale, Schüssel, trivial
bell;Glocke, Klingel, Schelle
to steal;entwenden, stehlen
fateful, ill-fated;fatal, verhängnisvoll
scissors;Schere
century, centennial;Jahrhundert
to open, to open up;aufmachen, öffnen
pack;Ballen, Paket
nervous;nervös
to forgive;entschuldigen, verzeihen
to accommodate;adaptieren, anpassen, anschaffen, ausstatten, versehen, versorgen, aussöhnen, versöhnen
to mention;nennen
lump;Kloß, Klumpen, Bruch, Bruchstück, Fragment, Stück, Masse, Fleck
airplane, aeroplane;Flugzeug, Flugmaschine
here you are, here is, here are, behold;da, hier, hier ist, siehe
sock;Halbstrumpf, Socke
subsequently;dann, darauf, hinterher, nachher, später, folglich
Netherlands;Niederlande, die Niederlande
ordinary, usually;gewöhnlich
sun;Sonne
to supply;bringen, herbringen, liefern, anschaffen, ausstatten, versehen, versorgen
bath;Bad
twenty-one;einundzwanzig
therefore;also, daher, denn, doch, folglich, jedoch, somit, wohl, dafür, darum, deshalb
wheel;Rad
person;Person
salad;Salat
chamber;Stube, Zimmer
to condemn, to sentence;verdammen, verurteilen
experience;Erfahrung, Erlebnis
suspicion;Argwohn, Verdacht
address;Adresse
miner;Bergmann, Grubenarbeiter, Kumpel
hand;Arbeiter, Hand
earth;Boden, Erdboden, Erde, Grund, Land, Terrain
to end up;enden, endigen, hingeraten
abiding;fest
to surprise;befremden, überfallen, überraschen
il-, dis-, im-, in-, ir-;un-
to remember, to recollect;behalten, gedenken, sich erinnern, sich besinnen, sich entsinnen
ablush, blushing;rot
side;Flanke, Seite, Fraktion, Partei
cream;Rahm, Sahne
obvious;augenscheinlich, ersichtlich, offenbar, anschaulich, bestimmt, deutlich, klar
preferably;lieber, am liebsten
to cry out, to scream, to shout;schreien
matrimony;Ehe
by;an, bei, neben, um, gemäß, nach, durch, mit, vermittels, über ... hinaus, vorbei, vorüber
horse;Gaul, Pferd
physician;Arzt, Doktor
engineer;Ingenieur
bathing-suit, bathing suit;Badeanzug
wherein;worin
to avoid, to evade, to elude;ausweichen, entweichen, vermeiden
dessert;Dessert, Nachtisch
that over there;das, dies, jenes
to watch;anblicken, ansehen, blicken, schauen, zuschauen, zusehen
to breed;aufziehen, züchten, bilden, erziehen
check;Zaum, Bankanweisung, Scheck
colour;Farbe
tree;Baum
personnel;Personal
impression;Effekt, Wirkung, Eindruck
sometimes;einmal, eines Tages, manchmal
tool;Mittel, Werkzeug
international;international
to do;anfertigen, herstellen, leiten, machen, tun, zurücklegen, frisieren
to retain;zurückhalten, halten, aufhalten
to acquaint, to inform;Auskunft geben, benachrichten, informieren, mitteilen, angeben, verkünden, ankündigen
to direct;dirigieren, führen, richten, steuern, leiten, lenken
chair;Stuhl
grandparents;Großeltern
apparently;offenbar, anscheinend, dem Anschein nach, scheinbar
eighty;achtzig
payment;Bezahlung, Zahlung
persons;Leute
to get out;aussteigen
lasting;fest, stetig, unendlich, unaufhörlich
grandson;Enkel
from where, whence;woher
to say;erwähnen, sagen, lauten
underneath;unten, unter, unterhalb, hinunter, nach unten
February;Februar
basket;Korb
celebration;Feier, Fest
to be married, to get married;sich verheiraten, heiraten
to write;schreiben, abfassen, verfassen
blanket;Bettdecke, Decke
to cease;halten, anhalten, Halt machen, stocken, stoppen, aufhören
energetic;forsch, tüchtig
ring;Ring
week;Woche
parents;Eltern
loathing, disgust, nausea;Ekel, Übelkeit
prize;Prämie, Preis
unfortunately;bedauerlich, leider, unglücklich
job;Arbeit, Amt, Anstellung, Dienst, Aufgabe, Pensum
room;Raum, Stube, Zimmer
coast, seaside;Küste
to decree;verfügen
all;allerhand, jeglicher, alles, Alles, das Ganze, alle
floor;Etage, Geschoss, Stock, Stockwerk, Boden, Diele, Fußboden
country;Land
once;einmal, eines Tages
to dream;schwärmen, träumen, wähnen
debt;Ausstand, Schuld
to make;anfertigen, herstellen, leiten, machen, tun, zurücklegen, veranlassen
criminal;verbrecherisch, strafbar, Bösewicht, Verbrecher
to deceive;betrügen, hintergehen, täuschen
shore;Küste, Strand, Ufer, Gestade
gratis;umsonst, gratis
chocolate;Schokolade
evident;augenscheinlich, ersichtlich, offenbar
mail;Post
shadow;Schatten
technique, technics;Technik
gramme;Gramm
to reach;erlangen, erzielen, reichen, erreichen
to surmise;mutmaßen, vermuten, voraussetzen
to consist;bestehen
to blow;anfachen, blasen, wehen
prince;Fürst, Prinz
head;Kopf
to play;spielen
sugar;Zucker
wit;Geist
exposition, exhibition;Ausstellung
active;aktiv, tätig, arbeitsam, geschäftig
June;Juni
coal;Kohle
to live;wohnen, leben
to package, to wrap up;packen, einpacken
sixty;sechzig
alike;gleich, ähnlich
fixed;fest, fix
western;westlich
familiarity, conversance;Bekanntschaft
game;Aufführung, Spiel
on occasion;einmal, eines Tages, zufällig
no longer;nicht mehr
leaf;Blatt
wide, vast, spacious;ausgedehnt, geräumig, weit
signal;Signal
lemonade;Limonade
to think;dafür halten, erachten, meinen, denken, bedenken, erwägen, sich überlegen
citizen;Bürger, Bürgerschaft
purchase;Kauf, Einkauf, Erwerb
tourist;Tourist
recent, fresh;frisch, neu, unberührt
flow;Strömung
parcel;Bündel, Päckchen, Paket, Parzelle
to induce, to infer;folgern, schließen
Swiss;schweizerisch, Schweizer
terrain, grounds;Gelände
effort;Bemühung, Mühe, Mühsal, Versuch
wet;nass
shallow;flach
cent;Cent
the;der, die, das, desto, um so, je
principal, main;hauptsächlich, vorzüglich, Haupt-
mistress;Gebieterin, Herrin
price;Preis
reproach;Tadel, Vorwurf
programme, statement of policy, declaration of policy;Programm
cattle;Vieh
direction;Kurs, Richtung
stomach;Magen
actual;effektiv, tatsächlich, wirklich, faktisch, heutig, real
regularly, often, frequently;häufig, oft
to rent out;vermieten
at present;jetzt, gegenwärtig, nun
grand, grandiose, magnificent, superb;grandios, großartig
to take;annehmen, empfangen, genehmigen, bekleiden, besetzen, einnehmen, in Anspruch nehmen, fassen, nehmen
to deem;glauben, dafür halten, erachten, meinen, anblicken, ansehen, blicken, schauen, zuschauen, zusehen
to take away;abholen, abnehmen, abräumen, fortnehmen, entziehen, wegnehmen
form;Form, Gestalt, Formular
to cheat;ergaunern, betrügen, hintergehen, täuschen
Africa;Afrika
news, novelty, something new;Neues, Neuheit, Neuigkeit
to afford;erlauben, gestatten, erzeugen, hervorbringen, produzieren
study;Studium
to compel;zwingen
to remind;erinnern
to connect;verbinden, koppeln, kuppeln, verknüpfen, binden
other;anderer, anders, sonst
truth;Wahrheit
first of all, firstly;erst, erstens, zuerst
righteous;billig, gerecht
strong;kräftig, stark
intellect;Geist, Intellekt, Verstand
usual;geläufig, üblich, gewöhnlich, allgemein
wine;Wein
foreign;ausländisch, fremd
army;Armee, Heer
unique;einzig
Dutch;holländisch, niederländisch
to turn off, to switch off, to shut off;abstellen
false;falsch, unwahr
service;Gottesdienst, Bedienung, Dienst
departure;Abgang, Abreise, Abzug, Abfahrt
thousand, one thousand;tausend
attention;Achtung, Aufmerksamkeit
to turn around, to turn round;drehen, kehren, umdrehen, umwälzen, wenden, umwenden
moon;Mond
closed, shut;geschlossen, zu
to throw;schleudern, werfen
straight past;über ... hinaus, vorbei, vorüber
aloud, loudly, loud;laut
lazy;faul
headache;Kopfschmerzen
punishment;Züchtigung, Bestrafung, Strafe
deep;tief
friendship;Freundschaft
warm;warm
to be glad, to rejoice;frohlocken, sich freuen
to summon;rufen, anrufen
author;Autor, Urheber, Verfasser, Schriftsteller
title, heading;Titel
to nurse;pflegen, warten, beaufsichtigen
to eliminate;ausschalten, ausstoßen, eliminieren, wegschaffen
community;Gemeinde
to hesitate;schwanken, zaudern, zögern, taumeln, wackeln, zagen
to test;erproben, probieren, prüfen, versuchen
angry;arg, böse
to injure;beschädigen, Schaden zufügen, verderben, verletzen
to welcome;willkommen heißen, begrüßen
end;Ende, Endung
faint, weak;flau, gelinde, schwach
also;auch, ebenfalls, gleichfalls
cigarette;Zigarette
theatre;Theater
congratulation;Glückwünsch, Gratulation
encounter;Begegnung
to receive;annehmen, empfangen, genehmigen, bekommen, erhalten
superficial;flach, oberflächlich
animal;tierisch, Tier
butcher;Fleischer
justice, righteousness;Gerechtigkeit, Justiz
odor, scent, odour;Geruch
mosquito;Moskito, Stechmücke
to accustom;sich gewöhnen, gewöhnen, angewöhnen
pupil;Schüler
to conduct, to lead;führen, leiten, lenken
time;Mal, Stunde, Uhr, Zeit
national;national
blank;weiß, Formular
