cenere;Asche
spendere;auslegen, verausgaben
fessura, screpolatura, crepa;Spalte/ Furche, Riss, Spalt
aviazione;Fliegen, Aviatik
boccale, calice;Becher, Pokal
Mar Adriatico;Adria, Adriatisches Meer
baffi;Schnurrbart/ Backenbart
annullare;annullieren, für null und nichtig erklären, kassieren
anno bisestile;Schaltjahr
teritorio;Gebiet, Gelände, Territorium
capo;Befehlshaber, Chef, Haupt, Häuptling, Herr, Oberhaupt, Vorsteher
castigare, punire;ahnden, strafen, bestrafen, züchtigen
annoiare;verdrießen
sguardo;Überblick
violoncello;Violincello
risplendere, brillare;blinken, glänzen, scheinen, schimmern, strahlen
rozzo, scortese;ungezogen, unverfroren
teiera;Teebüchse
mandorla;Mandel
diadema;Diadem
abito;Anzug, Gewand, Kostüm, Tracht/ Kleid, Robe
andare;fahren, gehen, treten
disonesto;unredlich
tasso;Dachs
ostrica;Auster
cintura;Gurt, Gürtel/ Taille, Breite, Zone (einer Kugel)
cavatappi;Korkenzieher
usignuolo, usignolo;Nachtigall
rigido;starr, steif, spröde
gamba;Bein/ Pfote, Unterschenkel
schiuma;Gischt, Schaum
pidocchio;Laus
ufficio d'informazioni;Auskunftstelle
guarnigione;Besatzung, Garnison
omero;Oberarm
cilindro;Walze, Zylinder
comare;Patin
Andalusia;Andalusien
semplice;einfach, einfältig
posare;affektieren, künsteln, sich zieren
triciclo;Dreirad
librario;Buchhändler
Capricorno;Steinbock
bomba incendaria;Brandbombe
arancio;Orangenbaum
trattamento;Behandlung, Unterhandlung, Verhandlung
persiana;Jalousie, Rolladen
contrasto;Gegensatz, Kontrast
rimorchiatore;Schlepper
stalla;Stall
fumatori;Raucherabteil
anguilla;Aal
barone;Baron, Freiherr
comodo;bequem, gemächlich, wohnlich
muggire;brausen, sausen, zischen
storia;Geschichte, Historie
amazzone;Amazone
aggettivo;adjektivisch/ Adjektiv, Eigenschaftswort
sospendere;anhängen, aufhängen, erhängen, henken
animare;beseelen, beleben
porzione;Anteil, Teil/ Portion, Ration
fregata;Fregatte
rumore;Aufsehen
guancia;Backe, Wange
etichetta;Etikette
placare, calmare;besänftigen, dämpfen, züchtigen/ beruhigen
intestino;Darm
assedio;Belagerung
forca;Galgen
ambra gialla;Bernstein
Antille;Antillen
fagiano;Fasan
valvola;Ventil
disintegrazione nukleare;Kernspaltung
discendente;Abkomme, Abkömmling, Epigone
coito;Beischlaf, Koitus
fecondo;fruchtbar/ ergiebig
tallone d'Achille;Achillesferse
archivio;Archivgebäude, Urkundensammlung, Urkundenstelle, Dokumentensammlung, Dokumentationsstelle, Archiv
Algeria;Algerien
capitale;Fonds
giapponese;Japaner
libreria;Buchhandlung/ Bücherschrank
pallone;Ballon
dazio consumo;Verbrauchssteuer
decrepito;abgelebt, baufällig, gebrechlich, hinfällig
tigre;Tiger
verme;Wurm
asma;Asthma
Giuseppe;Josef
madrevite;(Schrauben)Mutter
carota;Karotte, Möhre, Mohrrübe
vite;Rebe, Weinstock/ Schraube
giuramento;Eid
vuotare;ausleeren, entleeren
callo;Hühnerauge, Schwiele
analizzatore;Laborant
possesso;Besitz, Besitztum, Besitzung, Eigentum, Gut
silenzioso;verschwiegen
vero;authentisch, echt, recht, urkundlich, wahr, wahrhaft
busto;Büste
difesa;Abwehr
Albania;Albanien
Atene;Athen/ Athene
calcestruzzo;Beton
cresta;First
abitante;Bewohner, Einwohner, Insasse
fonte battesimale;Taufstein
lampone;Himbeere
confuso, turbato;bestürzt
turco;Türke
antibiotico;Antibiotikum
apatia;Apathie, Teilnahmslosigkeit
aragosta;Hummer
proclamare;ausrufen, proklamieren
certificato attestato;Attest, Zeugnis, Zertifikat
farmacista;Apotheker
Adige;Etsch
orrore, ribrezzo;Abscheu, Greuel
tappezzare;tapezieren
diamante;Diamant
infettivo;infektiös, ansteckend
cadetto;Kadett, Offiziersschüler
pubblicazione;Proklamation
presentare;aufführen, bieten, anbieten, darstellen, vorstellen, präsentieren
Ginevra;Genf
Canarie;Kanarische Inseln
tiranno;Tyrann, Wüterich
cestino per la carta;Papierkorb
ascia, scure;Axt, Beil, Hacke
Acheronte;Acheron
duellare;sich duellieren
tronco;Baumstamm/ Stamm, Strunk
il giorno dei Morti;Allerseelen
corvo;Rabe
alloro;Lorbeer, Lorbeerbaum
L'Aia;Haag
rovinare;verheeren
resti dietro;zurückbleiben
comandante;Befehlshaber
smussato, spuntato;stumpf/ dumpf
moneta;Geldstück, Münze
luccio;Hecht
orzo;Gerste
cavo;Kabel/ hohl/ konkav
Cesare;Cäsar
bagagliaio;Gepäckwagen
materia;Materie
mattone;Backstein, Ziegel, Ziegelstein
lima;Feile
grato, riconoscente;dankbar, erkenntlich
anemia;Blutarmut, Anämie
conchiglia;Muschel
disfatta;Niederlage
trasporto;Transport
destinare;ausersehen, bestimmen, festsetzen
proporzionale;proportional, verhältnismäßig
pappagallo;Papagei
lodare;loben, preisen, anpreisen
vista;Aussicht/ Panorama/ Aussehen, Gesicht, Sehen
uscire;ausgehen, ausrücken
blocco;Block, Klotz
aglio;Knoblauch, Lauch
sotto;unter, unterhalb
appiccicare;kleben, leimen
ingrato;undankbar
vela;Segel
affettazione, posa;Affektiertheit
Orcadi;Orkneyinseln
Assisi;Assisi
ghianda;Eichel
cartellone, affisso;Affiche, Anschlag, Anschlagzettel, Plakat, Aushang
punteruolo;Ahle, Pfrieme
arabo;arabisch/ Araber
onesto;anständig, bieder, ehrlich, rechtschaffen
gemere;ächzen, jammern, seufzen, stöhnen, wehklagen, wimmern
comunista;Kommunist
accordo;Akkord, Abkommen, Einklang, Übereinkommen, Übereinstimmung/ Eintracht, Harmonie, Wohlklang/ Einverständnis, Übereinkunft/ Einigkeit
forza attrativa;Anziehungskraft
riprendere;schelten, vorwerfen, Vorwürfe machen
zavorra;Ballast
Guinea;Guinea
archivista;Archivar
Basilea;Basel
varice;Krampfader, Varize
rondine;Schwalbe
arena;Arena, Kampfplatz
sciocchezza, follia;Torheit
serrare, premere, stringere;beklemmen, drücken, bedrücken, pressen, zwängen
boia;Henker
despota;Gewaltherrscher, Despot
corteccia;Baumrinde, Rinde/ Bast
bastardo;Bastard, Mischling/ Hybride
asfalto;Asphalt, Erdpech
stanza da bagno, sala da bagno;Badestube
diagnosi;Diagnose
biscotto;Keks, Plätzchen/ Zwieback
pescatore;Fischer
pacificare;besänftigen, dämpfen, züchtigen
zucca;Kürbis
trebbiatrice;Dreschmaschine
ammiraglio;Admiral
coccodrillo;Krokodil
Corsica;Korsika
decorare;aufputzen, schmücken, verzieren
beretta;Barett
diligenza, applicazione;Fleiß
rame;Kupfer
idolo;Abgott, Götze, Idol
raschiare;kratzen, ritzen
Sicilia;Sizilien
rilegatore;Buchbinder
frontiera, confine;Grenze, Schranke
ascesso;Abszess/ Eiterbeule, Geschwulst
arbitro;Schiedsrichter
albanese;albanisch/ Albaner
approfittare;profitieren
Arabia;Arabien
arresto;Arrest, Haft
constatare;als Tatsache feststellen, konstatieren
sgombro;Makrele
salvia;Salbei
drago, dragone;Drache
umore;Humor, Laune, Stimmung
succiello;Bohrer
grandine;Hagel
desiderabile;erwünscht
salto;Sprung
macchina da scrivere;Schreibmaschine
roccia;Fels, Felsen, Steinmasse
suffisso;Suffix
pungiglione, aculeo;Stachel
vecchio;alt, bejahrt, betagt
gazza;Elster
dragare;baggern, ausbaggern
fontana;Brunnen, Fontäne, Springbrunnen
sconsigliare;entraten
fiducia;Zuversicht/ Vertrauen
debilitare;erschlaffen
attentato;Anschlag, Attentat
separato;abgesondert, einzeln, seperat
carta igienica;Toilettenpapier
duello;Duell
all'estero;im Ausland/ auswärtig
sbarrare;hindern, sperren, versperren
ricovero, asilo;Asyl, Zufluchtsstätte, Zufluchtsort, Freistatt
elemosina;Almosen
tromba;Hupe/ Trompete
offerta;Offerte
lusingare;schmeicheln
sgelare;tauen, auftauen
superstizione;Aberglaube
sofisma;Sophismus
pastura;Futter, Weide
cloro;Chlor
alsaziano;elsässisch/ Elsässer
andatura;Eile, Geschwindigkeit, Hast
capra;Ziege, Zicke
angoscioso, pauroso;bang, feige/ zaghaft
olivo;Olivenbaum/ Ölbaum
giudizio;Gericht, Gutachten, Spruch, Urteil
branchia;Kieme
vicolo;Gasse
bar;Büfett, Schankraum
pelegrinaggio;Wallfahrt
delfino;Delphin
Bretagna;Bretagne, die Bretagne
figliastro;Stiefsohn
badia;Abtei
pulce;Floh
gengiva;Zahnfleisch
tendine d'Achille;Achillessehne
perno, assale;Achse
derivare;ableiten, herleiten
nocivo;schädlich
assediare;belagern
Firenze;Florenz
acceleratore;Gaspedal, Beschleuniger
amnistia;Amnestie, Begnadigung, Straferlass
nocciola, nocciuola;Haselnuss
formula;Formel
contabilità;Buchhaltung
divisibile;teilbar
banchiere;Bankier
agile, snello;behende, gewandt
grappolo di uva;Weintraube
incinta;schwanger, trächtig
diplomatico;Diplomat
giardiniere;Gärtner
giraffa;Giraffe
Tailandia;Thailand
aringa;Hering
lavanderia;Waschanstalt
regno;Königreich
promessa;Gelöbnis, Versprechen, Zusage
congiungere;fügen, gesellen, vereinigen
creta;Kreide
annegare;ertränken
cricco;Winde, Zahnstangenwinde, Wagenheber
separare;absondern, abteilen, abtrennen, scheiden
allora;damals, dann, hierauf
crescimento;Vermehrung, Wuchs, Zunahme, Zuwachs
isolato;vereinsamt
pallottoliere;Abakus, Kugelmaschine, Rechenmaschine
copiare;plagiieren, nachdrucken, lichtpausen, spiegeln, Abzug machen, abziehen, kopieren, nachahmen, nachäffen
ristorante;Restaurant, Restauration
castagna;Kastanie
agire;agieren, handeln, verfahren, vorgehen, wirken
bue;Ochs
mascella;Kiefer, Kinnlade
sedere;After, Gesäß
bicchiere;Glas/ Becher, Pokal
angelo;Engel
sabbia;Sand
gelso;Maulbeerbaum
falce;Hippe, Sense
volpe;Fuchs
far male;Schmerz verursachen, schmerzen, weh tun
Armenia;Armenien
cesso, gabinetto, ritirata;Abort, Abtritt
antracite;Anthrazit
domandare;fragen, anfragen
epopea, poema epico;Epik, Heldengedicht
Uruguai;Uruguay
inquieto;bang
passero;Spatz, Sperling
mal di pancia;Bauchweh
dividere;dividieren, teilen, einteilen, gliedern, verteilen, zerlegen
opprimere;erpressen, unterdrücken
gioielliere;Juwelier
guardaroba;Garderobe, Kleidung, Zeug
Alsace, Alsazia;Elsass
adottare;adoptieren
ammortizzare;amortisieren, löschen
ottone;Messing
prezzemolo;Petersilie
spiga;Ähre
certamente;allerdings, freilich, gewiss, immerhin, wohl, zwar
polacco;Pole
fico;Feigenbaum/ Feige
comitato;Ausschuss, Komitee
sopportabile, tollerabile;tolerierbar
nano;Zwerg
incudine;Amboss
fumaiuolo;Schornstein
spiare;belauschen, spionieren
pialla;Hobel
avena;Hafer
pioniere, iniziatore;Bahnbrecher, Pionier
bagnante;Badegast
allodola;Lerche
pesce persico;Barsch, Flussbarsch
merlo;Amsel
promuovere;promovieren
svenirsi;in Ohnmacht fallen, ohnmächtig werden
barbaro;barbarisch/ Barbar
Cappuccetto Rosso;Rotkäppchen
stima, considerazione, riguardo;Achtung, Verehrung
megera;Weib
Angola;Angola
passaggio a livello;Bahnübergang
millepiedi;Skolopender, Bandassel, Tausendfuß
Lisbona;Lissabon
filo;Draht/ Faden, Garn, Senkel, Zwirn
Azzorre;Azoren
penna stilografica;Füller, Füllfeder
muovere;bewegen, erregen
polpaccio;Wade
torre;Turm, Zwinger
credito;Kredit
antisettico;antiseptisch, fäulniswidrig
di buon'ora;früh, zeitig
cappotta;Haube
autocrate;Autokrat, Selbstherrscher
rapa;Rübe
risa;Gelächter, Lache
mal di mare;Seekrankheit
petrolio;Petroleum
censore;Zensor
fisarmonica;Akkordeon, Schifferklavier, Ziehharmonika, Harmonika
proprietario;Eigentümer, Inhaber
illuminare;illuminieren
abate;Abt
battaglione;Bataillon
convertire;bekehren, umstimmen
aiuto;Hilfe/ Beihilfe, Beistand, Handreichung
aratro;Pflug
pugnale;Dolch
pronipote;Großenkel, Urenkel/ Großneffe
allume;Alaun
Adamo;Adam
sbalordire;in Verwunderung setzen, verwundern
scoprire;abdecken, entdecken, enthüllen
Appennini;Apenninen
sughero;Kork, Pfropfen, Stöpsel
spina dorsale;Rückgrat
variazone;Variation
assiro;assyrisch/ Assyrer
orso bianco;Eisbär
Città del Capo;Kapstadt
stendardo;Banner, Fahne, Standarte
Alessandria d'Egitto;Alexandria
scommettere;wetten
compagnia;Gesellschaft/ Rotte, Kompanie/ Sozietät
barbabietola;Bete, Mangold, Runkelrübe
sala da pranzo;Speisesaal, Speisezimmer
recitare;rezitieren, vortragen
flanella;Flanell
secrezione;Sekret
bufalo;Büffel
Città del Vaticano;Vatikanstadt
Indocina;Hinterindien
Afghanistan;Afghanistan
felice;glücklich
Normandia;Normandie, die Normandie
percorrere;durchgehen, durchqueren, hindurchgehen
palpebra;Augenlid
occupare;bekleiden, besetzen, einnehmen, in Anspruch nehmen
soglia;Schwelle
Bacco;Bacchus
generazione;Generation, Geschlecht/ Nachkommenschaft, Nachwuchs
minerale;Mineral
pungere;stacheln, stechen, sticheln
spina;Dorn, Stachel
derubare;berauben
presente;Geschenk, Spende, Vermächtnis/ anwesend
calderotto;Kessel
salvo, eccetto;ausgenommen
cinghiale;Eber, Wildschwein
cavalletta;Grashüpfer, Heuschrecke/ Wanderheuschrecke
bacino;Becken, Schale
macinare;mahlen
perito contabile;Buchrevisor
Befana, Epifania;Dreikönigsfest
ambizione;Ehrgeiz
indicazione;Anzeige, Angabe
flauto;Flöte
Anatolia;Anatolien
monotono;eintönig, monoton
impero;Kaiserreich, Kaisertum
pinna;Flosse
apostolo;Apostel
Castiglia;Kastillien
capostazione;Bahnhofsvorsteher
acquaforte;Scheidewasser
banale;abgedroschen, banal, fade
bandire, esiliare;bannen, ins Exil schicken, verbannen
lisca;Gräte
bazar;Basar, Markt, Warenhaus
concordia;Eintracht, Einmütigkeit
castagno;Kastanienbaum
cimitero, camposanto;Friedhof, Gottesacker, Kirchhof
attraversare;übergeben, übertreten
annessione;Annexion, Angliederung
lusso;Aufwand, Luxus
compito;Arbeit, Aufgabe, Pensum
accendino, scintilla;Funke
altare;Altar
norvegese;Norweger
squama;Schuppe
spezzare;brechen, abbrechen, aufbrechen
cacto;Kaktus
dote;Mitgift
ortica;Brennessel
votare;abstimmen, wählen/ votieren
accento;Akzent, Betonung, Ton
costola;Rippe
abominevole;garstig
ricompensare;lohnen, belohnen, vergelten
dono, regalo;Geschenk, Spende, Vermächtnis
Lituania;Litauen
Giordano;Jordan
miele;Honig
Genova;Genua
distillare;destillieren
destrezza;Geschicklichkeit, Gewandtheit
sciopero;Strahl/ Strahlen, Radius, Halbgerade, Radioapparat, Radio, Radiogerät, Rundfunkempfänger, Rundfunkgerät
Atlantide;Atlantis
Orfeo;Orpheus
foca;Seehund
Cremlino;der Kreml
equatore;Äquator
bilancia;Waage
armare;waffnen, bewaffnen, rüsten
abdicazione;Abdankung
capro becco;Ziegenbock
cipollina;Schnittlauch
vanitoso;eitel, hinfällig
far fronte a;konfrontiert sein (mit), gegenüberstehen/ widerstehen
stimolare;anregen, reizen, anreizen, stimulieren
agenzia;Agentur
rimpianto, pentimento;Buße
invidiare;beneiden
rugiada;Tau
arcobaleno;Regenbogen
assistente;Assistentin/ Assistent
duna;Düne
doccia;Dusche, Sturzbad
MercoledÌ delle Ceneri, Ceneri;Aschermittwoch
pioppo;Pappel
sfruttare;ausbeuten, ausnutzen
contributo;Beisteuer, Kontribution
orizzonte;Gesichtskreis, Horizont
assioma;Axiom, Grundsatz, Grundwahrheit
acquazzone;Regenschauer
convertito;Proselyt
orlogiaio;Uhrmacher
fango;Dreck, Kot, Schlamm, Schmutz
Tamigi;Themse
armeno;armenisch/ Armenier
foco;Brennpunkt, Fokus
onnisciente;allwissend
bomba atomica;Atombombe, Nuklearbombe
bambù;Bambus
Sardegna;Sardinien
vespa;Wespe
cranio;Schädel
catrame;Teer
pulizia;Reinheit, Reinlichkeit, Sauberkeit
carne di montone;Hammelfleisch
vescica;Blase
radioterapia;Strahlentherapie
difetto;Verderbnis
Abissinia;Abessinien
calce;Kalk
palma;Handfläche
cedere;abtreten, nachgeben, weichen
notaio;Notar
alcool denaturato;Brennspiritus
gabbiano;Möwe
pomo d'Adamo;Adamsapfel
galera;Galeere
destinario;Empfänger
frassino;Esche
sensato;gescheit, klug, vernünftig, verständig
avvelenare;vergiften
rilegare;binden, einbinden
vongola;Miesmuschel
abaco;Abakus, Kugelmaschine, Rechenmaschine
indivia;Endivie
Galles;Wales
seccare;dörren, trocknen, austrocknen/ verdorren
olmo;Ulme
capacità;Kapazität
clero;Geistlichkeit, Klerus
divisione;Sektion
amabile;liebenswürdig/ allerliebst, anmutig, hold, lieblich, reizend
sfera;Sphäre
Damasco;Damaskus
battezzare;taufen
Cerbero;Höllenhund, Zerberus
penetrare;durchdringen, eindringen
Città del Messico;Mexiko-Stadt
decimetro;Dezimeter
moglie;Frau, Gemahlin
galleria;Galerie, Stollen, Wandelgang
abbonamento;Abonnement
Venecia;Venedig
oscurità, tenebre;Dunkelheit
rinviare;zurücksenden
compare;Gevatter, Pate
Alasca;Alaska
duetto;Duett
alta marea;Flut, Zufluss
razza;Rasse
fungo;Erdschwamm, Pilz
volare;fliegen, huschen
caviglia;Knöchel
scultura;Bildhauerwerk
piacevolmente;annehmlich
Aristotele;Aristoteles
appartenere;gehören, angehören, zugehören
badessa;Äbtissin
autorità;Autorität, Gewalt
coda;Fahne, Lunte, Schleppe, Schweif, Wedel
approvare;billigen, genehmigen, gutheißen
fendere;spalten
scorza;Bast
asse;Achse/ Brett, Regal, Wandbrett
versare;gießen, schütten
pista ciclabile;Radweg
giusto, giustamente;bündig
tettoia;Vordach/ Markise
respirazione;Atmen, Atmung
Nabucodonosor;Nebukadnezer
soffocare;erdrosseln, ersticken, erwürgen
friggere;backen, braten
arsenale;Arsenal, Zeughaus
caserma;Kaserne
vaso da fiori;Blumentopf
Andorra;Andorra
Apocalisse;Apokalypse
elegante;elegant, geschmackvoll
asciugamano di spugna;Badetuch
abrogazione, abolizione;Abschaffung, Aufhebung
condotto;Rohr, Röhre, Schlauch
cecita;Blindheit
Zurigo;Zürich
fiammifero;Streichholz, Zündholz
esportatore;Exporteur
fiaccola, torcia;Fackel
vomitare;sich erbrechen, sich übergeben
apicultore, apicoltore;Imker, Bienenzüchter
cerchio;Zirkel
regolare;reguläre (Matrix), regulär, regelmäßig, reguläre (Distribution), regelmäßiges (Vielflach), regelmäßiges (Vieleck)
frangia;Franse
cravatta;Halsbinde, Krawatte, Schlips
automa;Automat
ammuffito;moderig
Libano;Libanon
Vienna;Wien
Birmania;Birma
antologia;Anthologie, Auswahl
Mecca;Mekka
anemone;Anemone, Windröschen, Küchenschelle
batterio;Bakterie
peso;Gewicht, Wucht
bile;Galle
folla;Haufen, Menge, Stapel
bassa marea;Ebbe
Mar Egeo;Ägäische Meer
danno;Schaden, Sachschaden
biliardo;Billard
fraterno;brüderlich
Alsazia-Lorena;Elsass-Lothringen
passare;herreichen, verbringen, zubringen
amministrare, dirigere;verwalten
scomunica;Bann, Exkommunikation
ardesia;Schiefer, Schiefergestein
contante;bar
licenzioso, dissoluto;unbändig, zügellos
chiacchierare;plaudern, schwatzen
trattare;behandeln, traktieren
scoiattolo;Eichhörnchen
bastione, baluardo;Bastei, Bastion, Bollwerk
alcova;Alkoven
Cipro;Zypern
discendere;entspringen, entstehen, herkommen, stammen, abstammen
alimentare;nähren, ernähren, beköstigen
ricevuta;Quittung
torace;Thorax, Brustkorb
spegnere, spengere;auslöschen, dämpfen
gufo;Eule
smercio;Absatz, Debit, Vertrieb
accomodamento;Einrichtung, Zusammenstellung/ Einverständnis, Übereinkunft
nobiltà;Adel
droghiere;Drogist
appoggiare, poggiare;stemmen, unterhalten, unterstützen
infedele;treulos
saldare;saldieren
salcio, salice;Weide
maldicenza;Verleumdung
fortuna;Fortuna, Gunst des Schicksals, Glück
Achille;Achilles
pompa;Pumpe
calvo;kahl
ananas, ananasso;Ananas
Islanda;Island
fare il pugilato;boxen
pescecane;Hai, Haifisch
rude, brusco;brummig, unwirsch
denti, dentatura;Gebiss
affigere;anlegen, beifügen
coscia;Schenkel, Oberschenkel
diarrea;Diarrhö, Durchfall
fragola;Erdbeere
brezza;Brise
di nascosto;insgeheim, verstohlen
pompare;pumpen
poema;Gedicht
menta;Minze
chiglia;Kiel
cima;First, Gipfel, Wipfel
punta;Spitze, Stift, Zacke, Zinke, Zipfel
parafango;Kotflügel
augurio;Anzeichen, Vorzeichen/ Wahrsagung
garofano;Nelke
antartico;antarktisch, südpolar
terminare, finire;beschließen, enden, beenden, endigen, beendigen, erledigen
firmare;subskribieren
viaggio;Reise, Tour
chiedere;bitten, ersuchen
angolano;angolanisch/ Angolaner
abortire;eine Fehlgeburt haben
ingaggiare, arruolare;werben, anwerben
prova;Ausweis, Beweis, Beleg
amianto;Asbest
arciduca;Erzherzog/ Großherzog
mite;mild
cipresso;Zypresse
assorbire;absorbieren
diabolico;teuflisch
imboccatura;Mund, Mündung
cameriera;Zimmermädchen, Zofe
anatema;Bann, Fluch, Bannfluch
argilla;Lehm, Ton, Tonerde
commissario;Kommissar/ Zahlmeister
merluzzo;Dorsch, Kabeljau
sbadiglio;Gähnen
ateniese;athenisch/ Athener
Puglia;Apulien
rospo;Kröte
rifiutare;ausmerzen
birreria;Brauerei
medio;mittlerer, mittlere, mittleres/ Mittel-
corno;Hupe
andorrano;andorranisch/ Andorraner
tirare;ziehen, verziehen
petizione;Bittschrift
zodiaco;Tierkreis
imitare;imitieren, nachahmen, nachbilden
covare;brüten
macelleria;Schlachtfeld, Schlachthof
mangiabile, commestibile;essbar, genießbar
ribes;Stachelbeere/ Johannisbeere
ontano;Erle
ciclomotore;Moped
amo;Angelhaken
acciuga, alice;Anchovis
palato;Gaumen
miserabile, misero;elend, erbärmlich, jämmerlich
per mezzo di, mediante;durch, mit, vermittels
Lapponia;Lappland
congresso;Kongress
Ardenne;Ardennen, Ardennerwald
osservazione;Bemerkung, Beobachtung, Vermerk
impaurire, spaventare;zurückschrecken
Ognissanti;Allerheiligen
Messia;Messias
poppa;Heck
retroguardia;Nachhut
scozzese;Schotte
monologo;Monolog
affaticare, stancare, spossare;strapazieren
arrendersi;sich ergeben, kapitulieren
allattare;säugen
garanzia;Garantie, Gewähr
bilancio;Bilanz, Schlussrechnung/ Etat, Haushalt, Haushaltsplan, Budget
barbaforte;Meerrettich
fanatico;fanatisch, leidenschaftlich
dattero;Daktylus, Dattel
succhiare;lutschen, saugen
contabile;Buchhalter
arco;Bogen, Bügel
atlantico;Atlantik-
bacillo;Bazillus
piegare;falten, zusammenlegen
segale;Roggen
decente;gehörig
sala d'aspetto;Warteraum, Wartesaal
battesimo;Taufe
successo;Erfolg, Gelingen
baracca;Baracke, Lagerhütte
pianta;Gewächs/ Fußsohle, Sohle/ Anlage, Pflanzen, Anpflanzen, Pflanzung, Anpflanzung
molla;Feder, Triebfeder
argentino;Argentinier
osso di balena;Fischbein/ Barte
bramoso, avido;begierig, habgierig, lüstern
lupo;Wolf
barometro;Barometer
Venere;Venus
rione popolare, quartiere popolare;Armenviertel, Hinterviertel
cibreo;Ragout
piattaforma;Kai
ragazzo;Junge, Knabe
denunciare;angeben, anzeigen, denunzieren, hinterbringen
covata;Brut
Assiria;Assyrien
valigia;Handkoffer
gambero;Krebs
apparecchio;Apparat, Vorrichtung
accumulazione;Ansammlung/ Anhäufung/ Versammlung
domestico;Hausdiener
afgano;afghanisch/ Afghane
Lettonia;Lettland
mulo;Maulesel, Maultier
Ande;Anden
ribes nero;Aalbeere
cornamusa;Dudelsack
danese;Däne
misurato;gemessen
cittadella;Zitadelle
progetto;Entwurf, Plan, Grundriss/ Projekt/ Skizze
granaio;Baracke, Bude, Hütte, Scheune
cedola;Coupon, Zinsabschnitt
Algeri;Algier
Arcadia;Arkadien
bancarotta;bankrott, zahlungsunfähig
chirurgo;Chirurg/ Wundarzt
compiere, eseguire;ausführen, bestellen, erfüllen, leisten
artiglieria;Artillerie
cassa sa morto;Sarg
di quando in quando, ogni tanto;dann und wann, von Zeit zu Zeit, zeitweilig
visita;Besuch, Visite
facchino;Dienstmann, Gepäckträger, Träger
perdere l'abitunide di;abgewöhnen
aristocratico;aristokratisch
dovere;Gebühr/ schulden, schuldig sein
intendere;beabsichtigen, die Absicht haben, vorhaben
consolare;trösten, Trost spenden
andaluso;andalusisch
errore, sbaglio;Fehler, Irrtum, Versehen
efficace;drastisch, zweckdienlich
balletto;Ballett
pettegolezzo;Geplauder
ambasciatore;Botschafter, Gesandter
Cartagine;Karthago
faro;Leuchtturm
amministrare gli ultimi sacramenti;salben
cognata;Schwägerin
appetitoso;appetitlich
poltrona;Lehnstuhl
adottivo;Adoptiv...
carnagione;Gesichtsfarbe, Teint
dinamite;Dynamit
baionetta;Bajonett
bisnonno;Urahn, Urgroßvater
conveniente;angemessen, geeignet, zeitgemäß
circo;Zirkus
serio;ernst, ernsthaft, gesetzt
trebbiare;dreschen
spinaci;Spinat
bussola;Kompass
riccio;Igel
pazzo;Irre
nodo;Knoten
asiatico;asiatisch/ Asiat
portiera;Wagentür
sedano;Sellerie
durata;Dauer, Weile
scorrere, fluire;fließen, rinnen, strömen
treno rapido;Eilzug
durare;dauern, währen
conservatorio;Konservatorium
urto, spinta;Stoß, Trieb
multa;Geldstrafe
pero;Birnbaum
cetriolino;Gewürzgurke, saure Gurke
affascinante;allerliebst, anmutig, hold, lieblich, reizend
melanzana;Eierpflanze, Aubergine, Eierfrucht
umile;demütig, kleinlaut, unterwürfig
si capisce;zweifelsohne
ventre;Bauch, Unterleib
Stoccolma;Stockholm
cosciente;wissentlich
fattura;Faktura, Rechnung, Warenrechnung
origliare;belauschen
agonia;Agonie, Todeskampf
stoviglie;Steingut, Keramik
cognac;Kognak
mercanteggiare;feilschen, dingen
bagassa;Bagasse
arrugginito;rostig
sufficiente;auskömmlich, genügend, ziemlich, zulänglich
rinoceronte;Nashorn
toccare;rühren, anrühren, berühren
modista;Modistin
poesia;Dichtkunst, Dichtung, Poesie
staccare;abreißen, losreißen, pflücken, abpflügen
discreto;diskret, verschwiegen
Alessandro;Alexander
bagaglio;Gepäck, Verpackung
contare;zählen, aufzählen
fascino, incanto;Anmut
eleggere, scegliere;auslesen, wählen, auswählen, erwählen
artiglio;Klaue, Kralle
abilità;Kapazität/ Geschicklichkeit, Gewandtheit
tiglio;Linde, Lindenbaum
nuocere;beeinträchtigen
sportello;Schalter, Schiebefenster
ravanello;Radieschen/ Rettich
argentare;versilbern
australiano;australisch/ Australier
bruco;Raupe
dare;erteilen, geben, herreichen
abissino;abessynisch/ Abessinier
sprezzo;Verachtung
ippopotamo;Flusspferd
udienza;Audienz
costruzione;Erbauung, Bau
passo;Schritt, Tritt
lenticchia;Linse
mostro;Ungeheuer, Ungetüm, Unhold
alba;Tagesanbruch/ Morgenröte, Polarlicht, Reiz des Neuen, Zauber, Morgenrot
senza fondo;grundlos
spada;Degen
disposto;geneigt zu
aiutante;Adjutant, Hilfsoffizier
sidro;Apfelwein, Obstwein, Zider
onorevole, rispettabile;achtbar
monumento;Denkmal, Monument
circondare;umringen, umzingeln
bronzo;Bronze, Erz
brigante, bandito;Bandit, Räuber
melo;Apfelbaum
confessione;Bekenntnis, Beichte, Eingeständnis, Geständnis
diritto;Befugnis, Recht
asparago;Spargel
comico;drollig, komisch, spaßhaft
aggressivo;angriffslustig
confessare;anerkennen, beichten, gestehen, eingestehen
quercia;Eiche
Cairo;Kairo
mondano;weltlich
disporre;disponieren, verfügen
Archimede;Archimedes
cantoniere, casellante;Streckenwärter
balena;Walfisch
ballata;Ballade
curvo;gebogen, krumm
barriera;Barriere, Schranke
questura;Polizeiamt, Polizeiwache
Vietnam;Vietnam
distribuire;austeilen, verallgemeinern, verteilen
Gerico;Jericho
vipera;Natter, Kreuzotter, Viper
stampare;drucken, prägen
Borgogna;Burgund
confermare;bekräftigen, bestätigen, konfirmieren
Asia Minore;Kleinasien
sgradevole, spiacevole;widerwärtig
capotreno;Aufseher, Führer, Schaffner
patto;Einverständnis, Übereinkunft
chiatta;Fähre, Lastkahn
liberare;befreien, entledigen, erledigen, freilassen, frei machen
contravvenzione;Geldstrafe/ Protokoll
Antartico, Antartide, Polo Sud;Antarktis, Südpol
destra;Steuerbord
Caino;Kain
cascata;Wasserfall
arbusto;Gebüsch, Staude, Strauch
tassare;besteuern
bibliotecario;Bibliothekar
birraio;Brauer
ragione;Rationalität
noce;Nussbaum/ Nuss
fissare;befestigen, festsetzen, fixieren/ starren, anstarren
sferico;sphärisch
Balcani;Balkan
indulgenza;Ablass
antenna;Rahe, Fühler, Antenne
ardere;brennen
accappatoio;Bademantel
gelarsi, congelarsi;erfrieren
chiacchierona;Schwätzerin, Quasselstrippe
tonno;Thunfisch
sopracciglio;Augenbraue
esilio;Exil, Verbannung
sputare;speien, spucken
muto;sprachlos, stumm
album;Album
rompere;abreißen, losreißen, pflücken, abpflügen/ brechen, abbrechen, aufbrechen
Torino;Turin
ciliegio;Kirschbaum
granturco;Mais
ostinato;eigensinnig, halsstarrig, hartnäckig, starrköpfig, trotzig
passeggiata;Foyer
prua;Bug
plenilunio;Vollmond
entusiasmo;Begeisterung, Enthusiasmus
Azerbaigian;Aserbaidschan
sostegno;Stütze
aggredire, assalire;ein Attentat ausführen
lenza;Angelleine
carciofo;Artischocke
pernice;Rebhuhn
faggio;Buche
favorire;begünstigen
superstizioso;abergläubisch
barbiere;Barbier
mistura;Gemisch
soffitto;Decke, Zimmerdecke
estorcere;erzwingen
bacca di mirtillo;Blaubeere, Heidelbeere
assalitore, aggressore;Angreifer, Aggressor
dose;Dosis
sempre;allemal, allzeit, fortwährend, immer, jederzeit, stets
ambasciata;Gesandtschaft/ Botschaft
arcivescovo;Erzbischof
Aquisgrana;Aachen
calunniare;anschwärzen, fälschlich beschuldigen, verleumden
canna;Angelrute
energia atomica;Atomenergie, Atomkraft, Kernenergie
decreto;Dekret
batteria;Batterie
Milano;Mailand
erpice;Egge
aurora;Morgenröte, Polarlicht, Reiz des Neuen, Zauber, Morgenrot
bibita, bevanda;Getränk, Trank
labirinto;Labyrinth
continuare;fortfahren, fortführen
riservare;reservieren, vorbehalten, zurückbehalten
giurare;beeidigen, schwören, beschwören
sbadato, negligente, noncurante;achtlos, fahrlässig
zoppicare;hinken, humpeln
Giosuè;Josua
promozione;Promotion
betulla;Birke
cavolfiore;Blumenkohl
rifiutarsi;ablehnen, abschlagen, ausschlagen, versagen, weigern, verweigern
incitare, spronare;anreizen, aufhetzen, reizen, aufreizen
Adone;Adonis
sogliola;Seezunge
impiegare, usare;anwenden, benutzen, brauchen, gebrauchen, verwenden, verwerten
tristezza;Betrübnis
lardo;Speck
Anversa;Antwerpen
pisello;Erbse
virgolette;Anführungsstriche, Gänsefüßchen, Anführungszeichen
Groenlandia;Grönland
baia;Bucht
esca;Köder
aia;Dreschtenne, Tenne
fata;Fee
console;Konsul
Artico;Arktis
indiano, indiano americano;Indianer
fraternità;Brüderlichkeit
babordo;Backbord
carta assorbente, carta asciugante;Löschpapier
dogana;Zollamt
concimare;düngen
brasiliano;Brasilianer
infettare;anstecken, infizieren
tremare;beben, zittern, zucken
bloccare;blockieren
esortazione, ammonimento;Ermahnung, Zuspruch
scheletro;Gebein, Gerippe, Knochengerüst, Skelett
Nembrod;Nimrod
anarchia;Anarchie
causa;Anlass, Grund, Ursache, Veranlassung
alveare, arnia;Bienenstock/ Bienenkorb
frizione;Kupplung
parapetto;Balustrade, Geländer, Schranke
collega;College
apicoltura, apicultura;Bienenzucht
polso;Handgelenk/ Puls
algerino;algerisch/ Algerier
ungherese;Ungar
scalpello;Meißel, Stemmeisen
apprestare;zurichten
fallimento;bankrott, zahlungsunfähig/ Bankrott, Konkurs, Pleite
Annunciazone;Mariä Verkündigung
trattato;Abhandlung, Traktat
genitori adottivi;Pflegeeltern
fieno;Heu
tempia;Schläfe
infame;ehrlos
