hygiène (f);Hygiene, Gesundheitspflege
marquer;andeuten, markieren, zeichnen, anzeichnen, kennzeichnen
se méfier;misstrauen
furieux;rasend, stürmisch, toll, wütend
appliqué, assidu;beflissen, emsig, fleißig, geflissentlich, strebsam
le document;"Dokument, Urkunde; Akt, Akte"
le personnage;"Zelebrität; Person"
chauffer;heizen
repousser le métal;zurückstoßen, abweisen
populaire;populär, volkstümlich
s'opposer;opponieren
la balle;"Kugel; Ball"
agrarien;"landwirtschaftlich; Bauer, Landwirt"
le coussin;Kissen
plongé dans;vertieft in
l'accusateur (m);Ankläger
hâtif;hastig
le capitaine;Hauptmann, Kapitän
pêcher;fischen
délaisser, quitter;entäußern, fortlassen, überlassen, unterlassen
ajourner, retarder;aufschieben, fristen, stunden, vertagen, verzögern
alliance;Bündnis, Allianz
rétrogader;zurückfallen, rückwärtsgehen, abnehmen, rückläufig sein, schwächer werden
le régime;Regierungsform
auxiliaire;"zusätzlich, nebensächlich; hilfreich, Hilfs-"
l'unité (f);"Einigkeit, Einheit; Einer"
bataille;"Kampf, Schlacht; Hieb, Schlag, Streich"
aliéniste, le psychiatre;Psychiater, Nervenarzt
le téléphone;Telephon
mûr, fait;"reif; ausgewachsen, erwachsen"
tranchant, coupant;grell, herb, scharf
photographier;knipsen, fotografieren, ablichten
tamiser, sept;sieben
la grandeur;"Ausdehnung, Bereich, Dimension, Fassung, Gehalt, Umfang; Größe; Edelmut"
la protestation;Einspruch
fidèle;gläubig, treu
rechercher, explorer, fouiller;forschen, erforschen, untersuchen
romantique;romantisch
la dignité;Würde
la saison;Jahreszeit, Saison
l'énigme (f), le puzzle;Rätsel
le candidat;Bewerber, Kandidat
acide;herb, sauer
suspecter;argwöhnen, verdächtigen
conseiller;raten, beraten, ratgeben
sobre;abstinent, mäßig, nüchtern
le papillon;Falter, Schmetterling
pérégriner, aller en pélerinage;pilgern
industriel;industriell, gewerblich
tenailles;Zange
la veine;Ader, Vene
retourner;"invertieren, umkehren; mengen, mischen; zurücksenden; drehen, kehren, umdrehen, umwälzen, wenden, umwenden"
le détail;Einzelheit, Detail
accessoire, secondaire;zusätzlich, nebensächlich
le Mercure;Merkur
hurlement (m);"Heulen, Gebrüll; Geschrei"
ni ... ni;weder ... noch
la pile;Batterie, Monozelle
gagner;"erringen, gewinnen; werben, anwerben"
l'apparence (f);"Anblick, Aussehen, Aspekt; Anschein, Ansehen, Augenschein, Schein"
éternel;ewig
battre;"hauen, schlagen; dreschen; quirlen"
la psychologie;Psychologie
concret;konkret
le dévouement;Hingabe
presque;"als ob, gleichsam; beinahe, fast, nahezu, schier, ungefähr"
le Brésil;Brasilien
nier;leugnen, verneinen
le quart;Viertel
l'origine (f);Ursprung
l'encre (f);Tinte
atomique;atomar, Atom...
le trust;Konzern
subordonné;abhängig
obtenir;erhalten, erreichen, habhaft werden
le coup;"Hieb, Schlag, Streich; Anschlag; Treffen"
l'aéroport (m), l'aérodrome (m);Flugplatz
mentir;flunkern, lügen, belügen
s'informer;sich informieren
direct;aufrecht, direkt, gerad, gradlinig, unmittelbar
se lever, s'éveiller, se réveiller;aufwachen, erwachen
indifférent;gleichgültig
le chagrin, le crève-cœur;Kummer, Traurigkeit
l'admiration (f);Bewunderung
faire naître, mettre au monde;gebären, zur Welt bringen
doux;"süß; mild"
tutoyer;duzen
ordinairement;"gewöhnlich; generell, überhaupt"
composer;"zusammensetzen, zusammenstellen, zusammenfügen, komponieren; setzen; abfassen, verfassen"
bizarre;seltsam, eigentümlich
soigner;"pflegen, warten; behandeln, heilen, kurieren; versorgen"
la pédagogie;Pädagogik
le dictateur;Diktator
s'ébattre, s'amuser, fôlatrer, batifoler;herumtollen, mutwillig sein, tändeln, übermütig sein
le mari;Ehemann, Gemahl, Gatte
-able;-bar, -lich
le Texas;Texas
le pendule;"Uhr; Pendel"
souligner;"betonen, besonders betonen, akzentuieren; andeuten"
l'adolescence (f);Pubertät, Jugend
habile, adroit;fix, geschickt, geübt, gewandt
s'abaisser;heruntergehen, hinuntergehen
le poêle;"Pfanne; Herd, Ofen"
religieux;religiös
l'Indonésie (f);Indonesien
le sujet;"Subjekt; Thema"
en partie;teils
la clef;"Schlüssel; Schraubenschlüssel"
être différent;abweichen, sich unterscheiden
la marge, le rand;Rand
aéronautique;Luftfahrt, Flugwesen, Luftschiffahrtskunde
paraître;"erscheinen; aussehen; scheinen"
sortir de, émaner;quellen, entspringen
hâte (f);"Hast; Geschwindigkeit, Tempo"
la circulaire;Rundschreiben
le socialisme;Sozialismus
exempter, excepter;ausnehmen, ausschließen
hanche (f);Hüfte
l'intervalle (m);"Abstand, Distanz, Strecke; Intervall, Tempo"
l'hébreu (m), la langue hébraïque;Hebräisch, hebräische Sprache
le participe;Partizip, Mittelwort
la circonstance;Bewandnis, Umstand
la philosophie;Philosophie
apparaître;erscheinen
se réserver, faire abstinence;sich enthalten
l'accueil (m);Annahme, Übernahme, Zusage
rustique, grossier;"arg, rauh, roh; barsch, grob"
le Canada;Kanada
errer, rôder, vaguer;bummeln, irren, umherstreifen
ouvrir;"öffnen; aufmachen; aufschließen"
la vague;Welle, Woge
la localité;"Fleck, Ort, Platz, Stätte, Stelle, Terrain; Wohnort; Dorf"
habiller, vêtir;anziehen, kleiden, ankleiden, bekleiden
le conflit;Konflikt, Streit, Widerstreit
exercer;üben, einüben
le cadre;Einfassung, Rahmen
le singe;Affe
interne, intérieur;innerlich, intern, inwendig
l'accessoire (m);Zubehör, Nebensache
la racine;Wurzel
l'employé (m);Angestellter, Arbeitnehmer
le sida;Aids
le résultat;Erfolg, Ergebnis, Resultat
rationnel;rational, rationell, vernunftgemäß
accoutumer, habituer;gewöhnen, angewöhnen
avant-hier;vorgestern
la géométrie;Geometrie
la description;Beschreibung
la clavier;Klaviatur, Tastatur
le salon;Aula, Salon
l'amateur (m);Amateur, Liebhaber
tonner;donnern
social;"gesellschaftlich; sozial"
l'oignon (m), le bulbe;Zwiebel
abandonné;hilflos
invariable, constant;beständig, fest, konstant, ständig, stetig, unablässig
être fou;wahnsinnig sein, verrückt sein, durchgedreht sein
l'anniversaire (m);"Jahrestag; Geburtstag"
la quantité;Menge, Quantität
positif;positiv
raisonable, modéré;mäßig
le cube;Würfel
la fusée;Rakete
la langue espagnole, l'espagnol (m);Spanisch, spanische Sprache
le délice;Genuss, Freude
l'aventure (f);Abenteuer
le Berlin;Berlin
mettre en adjudication, mettre à l'entreprise;öffentlich ausschreiben, verdingen
le drapeau;"Banner, Fahne, Flagge; Standarte"
Moscou;Moskau
le dominateur;Herrscher, Statthalter
le sapin;Fichte, Tanne
haut-parleur (m);Lautsprecher
la mer du Nord;Nordsee
l'ami (m);"Freund; Gleichgesinnter"
la plaie;Plage
balayer;fegen, kehren, abkehren
l'avent (m);Advent
le coffret;"Kassette; Büchse, Schachtel"
barbu;bärtig
altruisme;Uneigennützigkeit, Altruismus
le consommateur;Konsument, Verbraucher
échanger;austauschen, auswechseln, umtauschen, vertauschen, verwechseln
s'allier;sich verbünden
la gymnastique;Gymnastik
le plomb;Blei
la maman;Mama, Mütterchen
pénible;schmerzend, Schmerzens-
guérir;"behandeln, heilen, kurieren; genesen, wiederherstellen"
la toile;Leinwand
l'étang (m);Teich, Tümpel, Weiher
la Corée du Sud;Südkorea
la Manche;Kanal
le bœuf;"Rindfleisch; Rind; Ochs"
la confiture;"Marmelade; Konfitüre"
la poupée, la marionnette, le guignol;Puppe
actualité;(aktuelles) Thema
assassiner;morden
le désespoir;Verzweiflung
l'Extrême-Orient (m);der Ferne Osten
le carbone;Kohlenstoff
double;doppelt, zweifach
l'aliment (m);Ernährung, Futter, Nahrungsmittel
pointu;spitz
affirmer;"behaupten; bejahen, ja sagen"
la Scandinavie;Skandinavien
l'éclair (m), la foudre;Blitz
la Cologne;Köln
le Danube;Donau
le domicile;"Wohnort, Wohnsitz; Haus, Heim; Wohnhaus, Wohnung"
se quereller;streiten, zanken
l'andouille (f), la saucisse;Wurst
se propager;sich verbreiten
avoir pour but, viser;bezwecken, trachten nach, zielen
réfuter;widerlegen
indirect;indirekt
l'Amérique centrale (f);Mittelamerika
le scarabée;Käfer
le kangourouo;Känguruh
gêner;beengen, behindern, belästigen, genieren, stören, lästig werden
galoper;galoppieren
entier;"voll; ganz, total"
l'esquisse (f);Entwurf, Skizze
le génie;Hochbegabter, Genie, Geist, Schutzgeist, Genius
porte document, le portefeuille, la collection à consulter;Aktentasche
semer;säen
le terme;"Ausdruck, Äußerung; Termin; Terminus, Wort"
le courant;"Strömung; elektrischer Strom"
humour (m);Humor
s'accoutumer;einüben, sich gewöhnen, sich vertraut machen
signifier;bedeuten, bezeichnen
l'adjectif (m);Adjektiv, Eigenschaftswort
l'inattention (f);Zerstreuung, Unaufmerksamkeit
la Serbie;Serbien
la truite;Forelle
la entente;Abkommen, Einklang, Übereinkommen, Übereinkunft, Übereinstimmung
l'invention (f);Erfindung, Erfinden
la dimension;Ausdehnung, Dimension
le semblable;Nächster
tant;sofern, insofern, sosehr, soviel, soweit
le tracteur;Traktor
la branche;"Ast, Zweig; Sektion"
abriter;"beherbergen; gastieren; begünstigen, schützen, beschützen, beschirmen; bergen, schirmen"
le tabouret;Hocker
le clou;Nagel, Stift
l'acte (m);Akt, Akte
le trottoir;Bürgersteig, Gehweg
le défenseur;"Advokat, Anwalt, Rechtsanwalt; Verteidiger"
la conviction;Überzeugung
venger;rächen
avaricieux, avare;geizig
haleter;keuchen
jack femelle;Buchse, Sakko, Klinke, Jackett
la cafetière;Kaffeekanne
automnal;herbstlich
le Pérou;Peru
amoureux;"liebevoll; Liebhaber"
le volant;Lenkrad
favorable;gewogen, gnädig, günstig, hold
commun;gemein, allgemein, gemeinsam, gemeinschaftlich
téléphoner;anrufen, telephonieren
garantir;"behaupten, bestätigen, vergewissern; bürgen, Gewähr leisten, haften, verbürgen; begünstigen, schützen, beschützen, beschirmen; bergen, schirmen"
le télégramme;Telegramm
caresser;schmeicheln, streicheln
le ruisseau;Bach
hébreu, hébraïque;hebräisch
hideux;verabscheuenswürdig, verabscheuenswert
le germe;Keim
la notion;klar definierte Idee, Notion, Begriff
vulgaire;"arg, barsch, grob; üblich, verständlich, vulgär"
le Scandinave;Skandinave
la droguerie;Drogerie
le bachelier;Abiturient
redire;entgegnen
le centre;"Mittelpunkt, Zentrum; Kern, Obststein; Mitte, Mittel"
l'astronome (m);Astronom, Sternforscher
la connaissance;"Bekannter; Begriff, Kenntnis, Kenntnisse; Bewusstsein; Wissen, Wissenschaft"
nommer;heißen, nennen, benennen, ernennen
songer;"erwägen, nachdenken, nachsinnen; schwärmen, träumen, wähnen"
le chef;Chef, Haupt
argentin;argentinisch
le millier;Tausend
le phénomène;Phänomen, Naturerscheinung
le gain;"Gewinn, Überschuss, Verdienst, Vorteil; Ertrag, Interesse, Nutzen; Gage, Gehalt; Erfolg, Gelingen"
le patron;"Wirt; Form, Schablone, Model, Stereotyp, Vorlage, Formel, eingefahrene Bahn"
par alliance;Schwieger-
la guitare;Klampfe, Gitarre
le dictionnaire;Wörterbuch
la Rome;Rom
l'Egypte (f);Ägypten
le gendre, le beau-fils;Schwiegersohn
résonner;gellen, klingen, läuten, tönen
le fard, le maquillage;Schminke
l'autruche (f);(Vogel) Strauß
supposer;vermuten, voraussetzen
le sentiment;"Gefühl, Sentimentalität; Sinn"
être sur les rangs;wetteifern, um die Wette laufen, am Wettstreit teilnehmen
le bambin, le gamin;Bube, Bursche
l'arrondissement (m);"Bezirk; Amtsbezirk, Distrikt"
cordialement;herzlich
royal;königlich
rendre;"machen, veranlassen; sich erbrechen, sich übergeben"
amok;Amok
absent;abwesend
le sexe;Geschlecht, Sex
acerbe;sauer
agir en hypocrite;heucheln, schmeicheln
être en colère;grollen, zürnen
le poète;Dichter, Poet
le canon;Kanon, Kanone
la poire;Birne
l'ornament (m), la parure;Verzierung
améliorer;bessern, ausbessern, verbessern, veredeln
la couverture;"Decke, Deckel, Umschag, Verdeck; Bettdecke"
la ressource;"Ausflucht; Mittel; Lebensmittel"
la renommée;Berühmtheit
l'examen final (m), l'examen de sortie (m);Abitur, Reifeprüfung
rebrousser, retrousser;aufkrempeln, knicken, aufschlagen, umschlagen, krempeln
aborder;"stranden; anhängen, anhaken, häkeln; ansprechen; sich nähern; landen; anfangen, beginnen; (ein Gesprächsthema) anschneiden; anbrechen"
l'aiguille (f);Nadel
le poing;Faust
l'Inde (f);Indien
la statue;Bildsäule, Standbild, Statue
la moyenne;Durchschnitt
pour toutes sortes de raisons;aus jedem Grunde
l'esprit (m);"Geist; Genius"
défaire;zerstören
le col;"Hals; Kragen"
le contrôle;Nachprüfung, Überprüfung, Kontrolle, Prüfung
vivant;belebt, lebendig, lebhaft
le bec;Schnabel
les actualités;Nachrichten
le jumeau;Zwilling
respondre, correspondre à;antworten, beantworten, entgegnen, erwidern
brésilien;brasilianisch
approcher;näher bringen
l'Allemagne de l'Ouest (f);Westdeutschland
hypocrisie (f);Heuchelei
la Croatie;Kroatien
la tuile;Dachziegel, Pfanne, Ziegel
sud-africain;südafrikanisch
l'ascenseur (m);Aufzug, Fahrstuhl, Lift
le peril;"Gefahr; Risiko, Wagnis"
le lièvre;Hase
fournir;liefern
le score;Punkt
la session;Tagung, Session
la place;"Anstalt, Ort, Platz, Stelle; Fleck, Stätte, Terrain; Posten"
le sabot;Huf
le dindon;Truthahn
brûlant;brennbar, Brenn-, brennend
naïf;naiv
le parfait;Perfekt
le Moïse;Mose(s)
l'interprète (m);"Interpret; Dolmetscher"
juste;"billig, gerecht; recht, richtig, zutreffend"
enflammer;zünden, entzünden
l'affliction (f);"Traurigkeit; Kummer"
lasser;"ermüden; verdrießen"
l'opticien (m);Optiker
peut-être;eventuell, möglicherweise, vielleicht, wohl
le départ;Abgang, Abreise, Abzug
utile;nützlich, vorteilhaft, zweckdienlich
Wurtemberg;Württemberg
en relation avec;betreffs, bezüglich
le point de vue;Standpunkt
la catastrophe;Katastrophe
la distribution;Vertrieb, Zustellung, Verteilung
beauté;Schönheit
l'affection (f);Affekt, Bewegung, Gemütsbewegung, Krankheit, Rührung, Erkrankung
enlever;"zurücklegen; auslegen, aussetzen, ausstellen; bergen, suspendieren"
attendrissant;ergreifend
le procès, le processus;Prozess
dire adieu, faire ses adieux;verabschieden, ausloggen, abmelden
l'abricot (m);Aprikose, Marille
transporter;befördern, übertragen
aberrant;"absurd; irre, toll, verrückt, wahnsinnig; widersinnig"
le Madrid;Madrid
insuffisamment;unzulänglich
l'oreiller (m);Kissen, Kopfkissen
avortement provoqué;Abtreibung
représenter;"ausdrücken; spielen; beschreiben; repräsentieren, vertreten, vorstellen"
le renseignement;"Auskunft, Bericht, Bescheid; Bekanntmachung"
amphitryon;Gastgeber
le matériau;Material, Zutat
prouver;begründen, beweisen
baptistère;Taufbecken
aggraver;"übertreiben, dick auftragen; verschlechtern, verschlimmern"
agricultuer, l'agriculteur (m), agriculteur;Bauer, Landwirt
sourd;taub
si;"allerdings, freilich, immerhin, ja, ja doch, wohl, zwar; doch; falls, wenn; sich; ob"
le muscle;Muskel
mêler, mélanger;mengen, mischen
la gratitude;Dankbarkeit
basket-ball;Basketball
le général;Feldherr, General
secouer;rütteln, schütteln, schüttern, erschüttern
l'époux (m);"Ehemann, Gemahl, Gatte; Ehepaar"
coûteux, cher;lieb, teuer, wert
persuader;überreden
mexicain;mexikanisch
civil;bürgerlich, zivil
la cire;Wachs
la comète;Komet, Schweifstern
le plateau;Präsentierteller, Tablett
Pays-Bas;Niederlande
la veille;"Tag vorher, Vorabend; Wache"
l'ironie (f);Ironie
le vote;Abstimmung, Votum
hélicoptère (m);Hubschrauber
les Etats-Unis;Vereinigten Staaten, Vereinigte Staaten, Vereinigte Staaten von Amerika
la locution;"Redewendung, Redensart; Ausdruck, Äußerung"
insuffisant;dürftig, knapp, rar
la simplicité;Einfachheit
le sommeil;Schlaf, Schläfrigkeit
s'abstenir;sich enthalten
le portrait;Bild, Bildnis, Porträt
alpiniste;Bergsteiger
l'Ecosse (f);Schottland
l'équipe (f);"Abteilung; Mannschaft, Team"
à personne;keines, niemandes
Hambourg (m);Hamburg
rapprocher;"näher bringen; annähern"
planter;legen, stecken, pflanzen, anpflanzen
être couché;gelegen sein, liegen
le scandale;Ärgernis, Skandal
accord;"Abkommen, Einklang, Übereinkommen, Übereinkunft, Übereinstimmung; Akkord"
hygiénique;gesundheitlich, hygienisch
le personnel;Personal
le sanguin, le vaisseau;Gefäß
le futur;"Futur, Futurum, Zukunft; Zukunftsform"
lever, soulever;heben, aufheben, erheben, zücken
observer;beaufsichtigen, beobachten, betrachten, verfolgen
heurter;"hauen, schlagen; klopfen; Anstoß erregen"
quoique;obgleich, obschon, wenn auch, zwar
l'islam (m);Islam
désespérer;verzweifeln
la ligue;Allianz, Band, Bund, Bündnis, Liga, Verband, Verbindung
autoroute, autostrade;Autobahn
se baigner;baden, ein Bad nehmen
le Néerlandais;Holländer, Niederländer
la contusion;Prellung, Quetschung
la pièce;"Fleck, Stück; Stube, Zimmer; Akt, Akte"
dernièrement;kürzlich, neulich
l'action (f);"Handlung, Tat; Aktie, Anteilschein"
être situé;liegen
mâle;männlich
le Japon;Japan
l'Israël (m);Israel
cruel, atroce;grausam
les proches (m);Verwandtschaft
interpeller;"ansprechen; anfragen"
la consolation;Trost
désolé;"betrübt, traurig; öde"
le privilège;Privileg, Vergünstigung, Vorzug, Vorzugsrecht
le pyjama;Schlafanzug
le bouddhiste;Buddhist
prononcer;aussprechen
arroser;bewässern
redresser;"berichtigen, korrigieren, verbessern; wiederherstellen"
la salle de bains;"Bad; Badestube"
aisé;wohlhabend
le domaine;"Bauernhof, Besitzung, Gut, Landgut; Abteilung, Fach"
le Sahara;Sahara
brave;brav, tapfer, tüchtig, wacker
horizontal;horizontal, waagerecht
le tremblement de terre, le séisme;Erdbeben
la transformation;"Änderung; Verwandlung; Metamorphose; Reform; Transformation; Wechsel; Abwechslung, Tausch, Veränderung"
l'institut (m);"Internat; Anstalt, Institut"
retrouver;wieder finden
journellement, quotidiennement, tous les jours, chaque jour;täglich, alltäglich
indépendant;selbstständig
substituer, mettre en place de;ersetzen
le foot, le ballon de football, le football;Fußball
chanter;"singen; zirpen"
l'activité (f);"Handlung, Tat; Tätigkeit; Herstellung"
affoler;wahnsinnig machen, verrückt machen, irr machen
la pitié, la compassion, apitoiement;Erbarmen, Mitleid
sonner;"gellen, klingen, läuten, tönen; hallen, schallen; anläuten, klingeln, anklingeln"
tragique;erschütternd, tragisch, unseelig, unheilvoll
le carré;Quadrat, Viereck
l'échec (m);"Fiasko, Misserfolg; Schach, Schachspiel"
à temps;beizeiten, zeitig, zur rechten Zeit
l'altitude (f);Höhe
confier une tâche;beauftragen, betrauen
abstrait;abstrakt, begrifflich, unwirklich
académique;akademisch
singulier;"seltsam, eigentümlich; außerordentlich; kurios, merkwürdig; befremdend, sonderbar, wunderlich"
oficiel;amtlich, offiziell
désoler, affliger;bekümmern, betrüben
la côtelette;Kotelett, Schnitzel
exact;"exakt, genau; recht, richtig, zutreffend"
le marteau;Hammer
l'argot (m);Gaunersprache, Slang
l'ennemi (m);Feind
endommager;beschädigen, (jmd.) schaden, schädigen, Schaden zufügen
se refroidir;sich erkälten
la psychothérapie;Psychotherapie
l'agenda (m);Agenda, Notizbuch
exprès;absichtlich
bénir;segnen
la zibeline;Zobel
le Londres;London
hâter;beeilen, beschleunigen, fördern, befördern
solennel;feierlich, festlich
le puissant;Herrscher
la poste aérienne;Luftpost
le gouvernement;Regieren, Regierung
moins;weniger, minus, abzüglich
la bougie électrique;(Zünd-)Kerze
le contenu;Inhalt
le Paris, le Pâris, le Paname, le Panam;Paris
le masque;Maske
se réjouir de;sich freuen an
prévoir;"vorhersehen; mutmaßen, vermuten; prognostizieren"
apercevoir;"erblicken, gewahr werden; bemerken"
gai;fröhlich, heiter, lustig, vergnügt
la géographie;Erdbeschreibung, Erdkunde, Geographie
concernant, quant à;"betreffs; bezüglich"
la descente;Abstieg
le lynx;Luchs
l'équation (f);Gleichung
l'ancêtre (m);"Ahn, Vorfahr, Urahn; Vorfahre"
le mérite;Verdienst
la sacoche, le porte-monnaie;Börse
jadis;"früher, einstmals; einmal, einst, irgendwann, jemals"
la montre;"Armbanduhr; Uhr"
le protestantisme;Protestantismus
extrêmement;"extrem, äußerst; meist, am meisten"
accélerer;beeilen, beschleunigen, fördern, befördern
l'étoffe (f);Stoff, Zeug
le caleçon, la culotte;Unterhose
le pessimisme;Pessimismus
connecter;koppeln, kuppeln, verbinden
principalement;besonders, eigens, insbesondere, vornehmlich, vorzüglich, zumal
ramer;rudern
s'enfuir;ausreißen, entfliehen, entlaufen, fortlaufen, sich verlaufen
recommander;empfehlen, anpreisen
extrême;äußerster, extrem
la provision;Versorgung, Vorrat
le siècle;Jahrhundert
le poids lourd;Lastauto, Lastkraftwagen, LKW
le cortège, escorte, la clique;Gefolge
le secteur;Sektor
cohérent;kohärent, zusammenhängend, verbunden
magnifique;"herrlich, stattlich, wunderbar; blank; grandios, großartig; pompös"
la soucoupe;Untertasse
standard;Norm-, normgerecht, normgemäß, normiert, genormt
le latin;Latein
sûr;"gewiss, sicher, bestimmt, zuversichtlich; vertrauenswert, zuverlässig; gefahrlos, harmlos"
l'Union Européenne (f);Europäische Union
ronfler, vrombir;schnarchen
rêver éveillé;schwärmen, träumen, wähnen
libre;frei, geläufig
la Rhénanie;Rheinland
le person de connaissance;Bekannter
agissant;aktiv, tätig
voler;"fliegen, huschen; entwenden, stehlen"
bas-ventre, l'abdomen (m);Abdomen, Bauch, Unterleib
obéissant;folgsam, fügsam, gefügig, gehorsam, zahm
la nappe, la nappe de table;Tischtuch
le slip de bain;Badehose
méditer;erwägen, nachdenken, nachsinnen
l'effroi (m);Entzetzen, Grauen, Schreck, Schrecken
augmenter;"gedeihen, wachsen, anwachsen; vermehren"
le commandement;"Behörde, Vorstand; Befehl; Regieren, Regierung"
se déplacer;"fahren, gehen, treten; sich bewegen"
la mer Baltique;Baltisches Meer, Ostsee
demeurer;"wohnen; verweilen"
apparent;scheinbar
la douzaine;Dutzend
grandir;"wachsen; gedeihen, anwachsen"
l'arrière-plan (m);Hintergrund
glisser;gleiten, glitschen, rutschen
le canne;"Stab, Stock; Angelrute"
vertical;senkrecht, vertikal
le trombone;Posaune
remuer;"bewegen, erschüttern, rühren; ergreifen, erregen, berühren"
le / la célibataire;Junggeselle
plaider;plädieren
être urgent;drängen
la spécificité;"Besonderheit; Unterschied; Auszeichnung"
la réaction;Reaktion
faire abnégation de;verleugnen
le stade;"Stadium; Stadion"
le singulier;Singular, Einzahl
joyeux;"fröhlich, heiter, lustig, vergnügt; froh"
estimer;"achten, hochschätzen; abschätzen, bewerten, schätzen, einschätzen; mögen, wertschätzen, würdigen"
accorder;stimmen
rauque;heiser
l'aisance (f);Wohlstand
assigner, allouer, adjuger;anweisen, überweisen
Hanovre (m);Hannover
national;"national; staatlich"
l'entente (f);Akkord, Abkommen, Einklang, Übereinkommen, Übereinstimmung
l'aveugle (m);Blinder
vacciner;impfen
la misère;Elend, Not
allergique;allergisch
faire cuire au four;backen
la Majorque;Mallorca
la raquette;Schläger
aborigène;einheimisch
promettre;geloben, verheißen, versprechen, zusagen
additionnel;zusätzlich
le produit agricole;landwirtschaftliches Produkt
le plastique;"Plastik; Kunststoff"
ricaner;grinsen
l'auditorium (m);Auditorium, Hörsaal
la manifestation;Demonstration
immerger;eintauchen, untertauchen, tauchen
le visa;Visum
précéder;"vorangehen, vorgehen, vorausgehen; zuvorkommen"
la liste d'adresses;Adressbuch
le mouton;"Hammelfleisch; Hammel, Schaf"
luisant;blank
le règne;"Regieren, Regierung; Reich, Staat; Königswürde"
abrupt;"abgerissen, schroff; barsch, brüsk, grob; abschüssig, steil"
la maîtresse;"Liebhaberin; Gebieterin, Herrin"
multiplier;multiplizieren
concevoir;empfangen, schwanger werden
enseigner;lehren, belehren, unterrichten, unterweisen
hypothèse (f);Annahme, Hypothese, Voraussetzung
vif, vigilant, alerte;aufgeweckt, flink, frisch, gewandt, hurtig, munter, wach
arrêter;"festnehmen, verhaften; beenden, unterbrechen"
la carte;"Karte; Zettel; Menü, Speisekarte"
la grille;Gitter
collectionner;sammeln, einsammeln
négliger, dédaigner;"vernachlässigen; verpassen"
griller, rôtir;braten, rösten
la forêt;Forst, Wald
l'intelligence (f);"Intelligenz; Weisheit, Klugheit"
affiler, aiguiser;schleifen, wetzen
la relation;"Verhältnis, Zusammenhang; Bekannter; Erzählung, Geschichte; Bericht, Meldung, Rapport, Referat, Vortrag; Beziehung, Hinsicht, Verbindung"
tout d'abord;"besonders, zunächst; gleich, sogleich"
honorer;ehren, beehren, verehren
la Méditerranée;"Mediterran; Mittelmeer"
la prohibition, l'interdiction (f);Verbot
le Moyen-Orient, le Proche-Orient;der Mittlere Osten
l'abrégé (m), la réduction de texte;Übersicht
le crime;Frevel, Verbrechen, Vergehen
fermer à clé;schließen, verschließen, zuschließen
la soie;Seide
l'orteil (m), le doigt du pied;Zehe
partir;"losgehen, aufbrechen; abfeuern, abschießen; abreisen, fortgehen; starten"
le témoignage;"Zeugnis, Zeugenaussage; Attest, Zertifikat; Ausweis, Beweis, Beleg; Abzeichen, Anzeichen, Kennzeichen, Merkzeichen, Wink, Zeichen"
le mobilier;Hausgerät, Mobiliar
rassembler;"aufstapeln, häufen; zusammentragen, ansammeln; sammeln, einsammeln; mitnehmen"
marcher;gehen, laufen, marschieren, treten
la casserole;Bratpfanne, Kasserole, Kochpfanne, Pfanne
la merveille;Wunder
le bénéfice;Gewinn, Überschuss, Verdienst, Vorteil
austérité;Strenge
le bifteck;Beefsteak
en même temps;zugleich
la fidélité;Treue
stupide;"idiotisch, blödsinnig; albern, dumm"
la minorité;Minderheit
grimper, gravir;klettern, klimmen
monter;"einsteigen; montieren"
le dimanche;am Sonntag
l'ensemble (m);aneinander-
le titre;"Titel; Akt, Akte"
onzième;elfter
l'alcool (m);Alkohol, Spritus
le protestant;Protestant, evangelischer Christ
le compliment;Schmeichelei, Höflichkeitsbezeugung, Huldigung, Kompliment
la pratique;Praxis
progresser;fortschreiten, Fortschritt machen, vorschreiten
assurer;"versichern; behaupten, bestätigen, vergewissern; bürgen, Gewähr leisten, haften, verbürgen; ausführen, bestellen, erfüllen, leisten; geloben, verheißen, versprechen, zusagen; begünstigen, schützen, beschützen, beschirmen"
bâtir;bauen, aufbauen, erbauen, konstruieren
signaler;"hinweisen; andeuten; signalisieren"
eh bien;nun
prochain;"baldig; nächst; kommender, nächster"
prospérer;gedeihen, gelingen, geraten, glücken, prosperieren
le chevalier;Ritter, Kavalier
regretter;"bedauern; beklagen; bejammern, betrauern"
le talon;Ferse, Hacke
athlétisme;Leichtathletik, Athletik
le salaire, les appointements (m);Gage, Gehalt
impliquer;implizieren
être en relation avec;sich beziehen (auf), beschäftigen (mit), zu tun haben (mit), sich verhalten (zu)
la Bavière;Bayern
l'éléphant (m);Elefant
reprendre;"begutachten, kritisieren; vergelten; schelten, vorwerfen, Vorwürfe machen"
de toute manière;auf jede Weise
automatique;automatisch, selbsttättig, zwangsläufig
la prévision;Voraussage, Aussichten
revenir;zurückkommen
l'étape (f);Stadium
parler à, adresser la parole à;ansprechen
ardant;brennend, glühend
le sol;Grund (Boden), Boden (Grund), Erdboden, Grund
cru, brut;arg, rauh, roh
héros (m);Held
le sacrifice, la victime;Opfer
nerveux;nervös
l'amant (m);Liebhaber
le lion;Löwe
hardi;"frech, unverschämt; dreist"
la citation;Zitat, Anführung
ancien;"Ex-; alt"
le violon;Fiedel, Geige, Violine
le gène;Gen
avaler;schlingen, schlucken
ineluctable;unbedingt notwendig, unabdingbar
à l'étranger;im Ausland
l'as (m);As
noyer;ersaufen, ertrinken
rassasié;satt
le Francfort;Frankfurt
le prisonnier;Gefangener
le rideau;Gardine, Vorhang
de quelqu'un;irgend jemandes, irgend eines
la Slovaquie;Slowakei
revêtir;"mit Stuck versehen, stuckieren; anziehen; beziehen, überziehen; kleiden, ankleiden, bekleiden"
le défunt;Toter, Verstorbener
faire l'acteur;(Theater) spielen
le proverbe;Sprichwort
l'actrice (f);Schauspielerin
l'agitation (f);Aufruhr, Aufregung
histoire (f);"Märchen; Geschichte, Historie"
la méthode;Methode
environ, aux bords de, à peu près;annähernd, etwa, ungefähr
la goutte d'eau;Tropfen
le modèle;"Modell, Muster, Schablone; Typus; Form, Model, Stereotyp, Vorlage, Formel, eingefahrene Bahn"
l'Empire romain (m);Römische Reich
amener;"bringen zu, führen zu, herbeischaffen, holen; bringen, heranbringen, überbringen"
de suite, successivement;hintereinander
atlas;Kartenwerk, Satin, Atlasseide, Atlas
le baccalauréat;"Abitur; Reifeprüfung"
l'acier (m);Stahl
la venue;"Ankunft, Eintreffen; Kommen"
donner son accord;"billigen, genehmigen, gutheißen; beipflichten, beistimmen, einwilligen, zustimmen, zuwilligen"
le marchand;"Händler, Kaufmann; Ladengehilfe, Verkäufer"
pourquoi;aus welchem Grunde, warum, weshalb, weswegen, woher
aigre;"herb, sauer; grell, scharf"
la graine;"Korn; Same"
audible;hörbar
agronomique;landwirtschaftlich
la coutume;"Angewohnheit, Brauch, Gebrauch, Gepflogenheit, Gewohnheit, Usus; Sitte"
statistique;statistisch
soudain;"abgerissen, schroff; plötzlich"
la Yougoslavie;Jugoslawien
démarrer;starten
la vue;"Äußeres, Anblick; Aussicht; Panorama; Blick, Einsicht; Ansicht, Übersicht; Aussehen, Gesicht, Sehen"
l'air (m);"Luft; Anblick, Aussehen, Aspekt; Gesicht, Miene; Anschein, Ansehen, Augenschein, Schein"
l'individu (m);Einzelwesen, Individuum
accompli;"ausgezeichnet, gediegen, trefflich, vortrefflich, vorzüglich; ansehnlich, eminent, hervorragend; perfekt, vollendet, vollkommen"
l'académie (f);Akademie
l'admiratrice (f);Verehrerin, Bewunderin
le français, la langue française;Französisch, französische Sprache
le Coran;Koran
traître;"treulos; heimtückisch, hinterlistig, wortbrüchig"
croire;"anerkennen; glauben"
le piéton;Fußgänger
le flot;"Flüssigkeit; Strom"
installer;einführen, einrichten, einsetzen, installieren
obtus;dumpf, stumpf
l'agression (f);Aggression, Angriff
le tableau;Tabelle, Verzeichnis
l'adolescente (f);Jugendliche
la géologie;Geologie
la réserve;"Proviant; Speisekammer; Versorgung, Vorrat; Reservierung, Vorbehalt"
amygdale;Mandel
identique;"selber, selbe, selbes; gleicher, gleiche, gleiches; gleich, gleichbedeutend, identisch, völlig übereinstimmend"
l'offre (f);"Offerte; Darbietung, Darstellung, Vorstellung; Aufführung, Vorlegung, Präsentation; Antrag, Gebot"
la prononciation;Aussprache
l'année (f);"Jahr; Promotion"
assaillir;anfallen, angreifen, ausfallen, befallen, überfallen
la disquette;Diskette
le tabou;Tabu
la peinture;Farbe, Schminke
la résistance;Gegenwehr, Widerstand
demander;"fragen, anfragen; bestellen; bitten, ersuchen; erfordern, verlangen, zumuten"
la réduction;"Nachlass, Rabatt, Vergünstigung, Vergütung; Reduktion"
acheteuse;Käuferin, Kundin
annoncer;ankündigen, anzeigen, avisieren, melden, anmelden, verkünden
Saint-Esprit;Heiliger Geist
amandier;Mandel, Mandelbaum
l'Africain (m);Afrikaner
l'astronomie (f);Astronomie, Himmelskunde, Sternkunde
fameux;"berühmt; glorreich"
l'impôt (m), la taxe;Abgabe, Steuer, Steuerabgabe
expédier;abfertigen, befördern, expedieren, fortsenden, spedieren
aucun;kein, keinerlei
la puissance;"Stärke; Gewalt, Macht, Potenz; Reich, Staat"
l'affinité (f);Verwandtschaft, Ähnlichkeit
décharger;ausladen
la distance;Abstand, Entfernung, Weite
le préjugé, le parti-pris;Vorurteil
tousser;husten
le chaos;Chaos
affranchir;frankieren
hypocrite;scheinheilig, heuchlerisch
commettre un crime, commettre;ein Verbrechen begehen
le foie;Leber
l'adverbe (m);Adverb, Umstandswort
mesurer;messen, abmessen
envoyer;schicken, senden, einsenden
soustraire;abziehen, subtrahieren
adhérer;beitreten, sich anschließen
rivaliser;konkurrieren, wetteifern
le pronom;Fürwort, Pronomen
le sein;Brust, Busen
faire attention à, prêter attention à;Aufmerksamkeit schenken
clamer;heulen, zetern
l'autobiographie (f);Autobiographie
incertain;fraglich
le pluriel;Plural
le fer à repasser;Bügeleisen
le rythme;Rhythmus
le fusil;Gewehr
le lieu d'arrivée;Ziel
la détente;"Unterhaltung, Amüsement; Zerstreuung, Ablenkung, Vergnügen; Erholung"
l'évêque (m);Bischof
définer;bestimmen, definieren
faire pipi, uriner;Wasser lassen, urinieren, pinkeln
le linge;Tuch
être d'accord;"übereinstimmen; beipflichten, beistimmen, einwilligen, zustimmen, zuwilligen"
par;"durch, mit, vermittels; à, je, zu; hindurch"
soupçonner;"verdächtigen; argwöhnen"
l'archéologie (f);"Archäologie; Altertumskunde"
l'affilié (m), la baladeuse, la remorque;Anhänger
la majuscule;Majuskel, Großbuchstabe
acceptable;"annehmbar; akzeptabel"
la sonnette;"Glocke, Klingel; Schelle"
démontrer;"beglaubigen, bescheinigen, bezeugen; demonstrieren, vorführen, aufzeigen; begründen, beweisen"
l'oie (f);Gans
le coin;"Ecke; Keil"
suffire;ausreichen, genügen, hinreichen, zureichen
mathématique;mathematisch
iranien;iranisch
rouspéter, se mettre en tranvers;dagegen sein, behindern, entgegnen
le rendez-vous;Rendezvous
reculer;"abtreten, nachgeben, weichen; zurückgehen, zurückweichen; aufschieben, fristen, stunden, vertagen, verzögern; zurückfallen, rückwärtsgehen, abnehmen, rückläufig sein, schwächer werden"
reporter;"wiederbringen; befördern, übertragen"
l'accumulateur (m);Batterie, Akku
la plaine;Ebene
l'occupation (f);Beschäftigung, Besetzung
bosnien, bosniaque;bosnisch
petit à petit, de proche en proche, peu à peu;allmählich, nach und nach
le Brandebourg;Brandenburg
la divorce;Scheidung
disputer, contester;bestreiten, abstreiten
le remède;"Medizin, Arznei, Heilmittel; Medikament; Mittel"
éternuer;niesen
la poubelle;Abfalleimer, Mülleimer
le Platon;Plato, Platon
le Suédois;Schwede
inonder;überfluten, überschwemmen
le câble;Kabel
naturellement;"verständlich; natürlich"
la doctrine;Doktrin, Lehre
correspondant;"kongruent (modulo N); verantwortlich"
développer;"entwickeln; darlegen, erklären, erläutern"
dessous;"unten; unterhalb"
l'ongle (m);Nagel
vérifier;kontrollieren, nachsehen, überwachen
sensé;gescheit, klug, weise
disposer;"arrangieren, einrichten, ordnen, anorden, veranstalten; disponieren, verfügen"
le compagnon;Gefährte, Genosse, Geselle
le pan;"Rockschoß; Fläche; Seite; Fleck, Stück"
héritage (m);Erbschaft, Vermächtnis
le Britannique;Brite
le jour férié, vacance;Ferientag, freier Tag
l'optimisme (m);Optimismus
différent;"verschieden, verschiedenartig; anders"
la part;"Anteil, Teil; Portion, Ration"
avoir sommeil;schläfrig sein, müde sein
l'armée (f), l'armée militaire (f);Armee, Heer
le nerf;Nerv
l'océan Atlantique (m);Atlantischer Ozean
excellent;"ausgezeichnet, gediegen, trefflich, vortrefflich, vorzüglich; ansehnlich, eminent, hervorragend"
abordable;"zugänglich; mäßig; billig"
se repentir;bereuen, gereuen
bicyclette, bécane, vélo;Rad, Fahrrad
la douleur;Schmerz, Weh
le bijou;Edelstein, Juwel, Kostbarkeit, Kleinod
le bedeau, l'appariteur (m);Bote
le point;Punkt
le formulaire;Formular
le Chili;Chile
l'arbrisseau (m);"Strauch, Busch; Staude"
le match;Match, Spiel
le gazon, la pelouse;Rasen
haricot (m);Bohne, Gartenbohne
loin;"ab, dahin, fort, heraus, weg, hinweg; entfernt"
la théorie;Theorie
la rupture;Brechen, Bruch
savourer, se délecter;naschen
le tissu;"(organisches) Gewebe; Stoff, Zeug"
strident, criard, perçant;schrill, scharf, spitz
abondant;reichlich
agressif;"aggressiv; angriffslustig"
désormais;"fortan; von jetzt ab, künftig"
le négociant, le commerçant;Händler, Kaufmann
gambader;"Kapriolen schlagen, Bocksprünge machen, Luftsprünge machen; herumtollen, mutwillig sein, tändeln, übermütig sein"
l'octet (m), le byte;Byte
le désert;Einöde, Wildnis, Wüste
adverbial;adverbial
l'Amérique septentrionale (f), l'Amérique du Nord (f);Nordamerika
relatif;relativ, Relativpronomen
le compartiment;Abteil, Coupé, Kupee
parfumer;parfümieren
justifier;rechtfertigen
l'Irak (f);Irak
mental, spirituel;geistreich, sinnreich, witzig
le Mexique;Mexiko
imperméable;wasserdicht
le champion;Champion, Verfechter, Sieger, Meister, Anhänger
arcane, le secret;Geheimnis, Hehl
le camion;Lastauto, Lastkraftwagen, LKW
le pleur;"Träne; Weinen"
ambitieux;ehrgeizig
le Bosnien;Bosnier
austère, sévère;streng
actuellement;zurzeit, momentan
la Colombie;Kolumbien
boycotter;boykottieren, sperren
redresser un jugement;stellen (Uhr), berichtigen, richten (Krawatte)
la Prusse;Preußen
le balai;Besen
éminent;"ausgezeichnet, gediegen, trefflich, vortrefflich, vorzüglich; hervorragend, hervorstehend; ansehnlich, eminent"
l'aviateur (m);Pilot, Flieger (pej.)
bâiller;gähnen
l'allégresse (f);Jubel
indonésien;indonesisch
terrestre;irdisch, terrestrisch
résumer;summieren, zusammenfassen
réciproque;beiderseitig, gegenseitig, wechselseitig
le diplôme;Diplom, Prüfungszeugnis, Urkunde
devoir;"müssen, sollen; schulden, schuldig sein"
l'orange (f);Apfelsine, Orange
le menton;Kinn
descendre;"hinuntergehen, hinabsteigen; aussteigen; ausgehen, ausrücken; heruntergehen"
le douanier;Zollbeamter
l'exactitude (f);Sorgfalt
l'alcoolique (m);Alkoholiker
dater;Datum ausmachen, Zeitpunkt festlegen, terminieren, Tag ausmachen, Termin festlegen, sich (zeitlich) verabreden, Datum festlegen, datieren, Zeitpunkt ausmachen
la mélodie;"Arie; Melodie, Weise"
la note;"Kalkül; Aufzeichnung, Notiz"
la fête;Feier, Fest
l'arête (f);"Kante; First; Gräte; Kamm"
fixe;"fest, fix; still"
par cœur;auswendig, aus dem Kopf
se réfugier;"auswandern; seine Zuflucht nehmen zu, sich flüchten"
oral;mündlich
stable;stabil
apparemment;anscheinend, dem Anschein nach, scheinbar
rincer;gurgeln, spülen
propager;propagieren, werben
presser;"beeilen, beschleunigen, fördern, befördern; beharren auf, drängen, trotzen; beklemmen, drücken, bedrücken, pressen, zwängen"
entrer;"eintreten; durchdringen, eindringen"
psychique;psychisch, seelisch
courageux;beherzt, dreist, getrost, mutig, tapfer
l'acheteur (m);Käufer, Kunde
amplifier;"verstärken; übertreiben, dick auftragen"
la marchandise;"Ware; Handelsgut"
le taon;"Schafbremse; Bremse"
faire;"anfertigen, herstellen, leiten, machen, tun, zurücklegen; veranlassen"
l'artisan (m);Handwerker
dense;dicht, gedrängt, geschlossen
le pistolet;Pistole
l'Iran (m);Iran, Persien
provoquer;provozieren
tremper;"hart machen, härten, abhärten, stählen; tauchen, eintauchen, tunken, eintunken"
la circulation;"Zirkulation; Verkehr"
jouir, jouir de;genießen, sich freuen an
le séminaire;Seminar
le symbole;Symbol
la Bosnie;Bosnien
être vacant;leerstehen, offen sein, vakant sein
myope;kurzsichtig
Iles normandes;Kanalinseln
s'approcher, s'avancer;sich nähern
l'assaut (m), l'attaque (f);Anfall, Angriff, Offensive
le tapage;Lärm
le tailleur;Schneider
amer;"bitter; Galle"
alarmer;alarmieren
la balle de fusil;Kugel
le talent;Talent
surtout;"besonders, zunächst; eigens, insbesondere, vornehmlich, vorzüglich, zumal; ausdrücklich, speziell"
fatiguer;"ermüden; entkräften, verweichlichen; verdrießen"
l'accord (m);"Stimmung, Akkord; Abkommen, Einklang, Übereinkommen, Übereinstimmung"
la proie;Beute
taire;verschweigen
la Perse;Iran, Persien
la sentinelle, le garde, le gardien;Wache
la trompette;Trompete
la chirurgie;Chirurgie
neutre;neutral
s'acclimater;akklimatisieren
la déstination, l'endroit (m), le lieu;Fleck, Ort, Platz, Stätte, Stelle, Terrain
projeter;"planen; entwerfen; schleudern, werfen"
odorant;duftend
abjurer;"abschwören; verleugnen"
facile;geläufig, leicht, mühelos, nicht schwierig
redoubler;verdoppeln
transpirer, suer;schwitzen
le spécimen;Muster, Probe, Probestück
sautiller;hüpfen
répandre;"verbreiten, ausstrahlen; streuen; auslassen"
la réponse d'un problème;Auflösung, Lösung
moisir;schimmeln, verschimmeln
le paprika;Paprika
indigne;unwürdig, unwert
à pic, escarpé;abschüssig, steil
se démener;"sich sträuben, zappeln; trachten nach, sich anstrengen, sich bemühen; streben"
unir;einigen, vereinigen
respecter;"befolgen; Achtung erweisen, respektieren"
la nécessité;"Notwendiges; Notwendigkeit"
drôle;"lustig, unterhaltsam, amüsant; drollig, komisch, spaßhaft; befremdend, kurios, seltsam, sonderbar, wunderlich"
solide;gesetzt, solide
le témoin;Zeuge
le filet;"Netz; Garn"
obscur;dunkel, finster
l'aile (f);Fittich, Flügel
la grappe;Traube
la plaque;Tafel
raser;barbieren, rasieren
le compromis;Kompromiss
additionner;addieren, hinzurechnen
demain;morgen
essentiel;essenziell, wichtig, wesentlich
<suffixe qui indique un lieu pour quelque chose>;-ei
la majorité;Mehrheit
la propriété;"Bauernhof, Besitzung, Gut, Landgut; Beschaffenheit, Güte, Qualität; Eigenart, Eigenheit, Eigenschaft, Eigentümlichkeit"
la crème glacée;Eis, Gefrorenes, Speiseeis
couronner;krönen
la Grande-Bretagne;Britannien
le manteau;"Mantel, Umhang; Überrock, Überzieher"
le stock;Lager, Bestand, Vorrat
imaginer;erdichten, sich einbilden, sich vorstellen
perpétuel;"endlos, unendlich; unaufhörlich; stetig, ständig"
la mesure de largeur;Breite
s'étonner;sich wundern, staunen
peiner;sich abmühen, sich anstrengen, sich bemühen, sich Mühe geben
le lexique;Lexikon
l'impératif (m);Befehl, Befehlsform, Imperativ
le cinéma;Kinovorführung, Chinarinde
rassurer;beruhigen
accouchement;Entbindung
l'infinitif (m);Infinitiv, Grundform
ravager;"vernichten, zerstören; verheeren"
interminable, infini;endlos, unendlich
se précipiter;"hasten; eilen, rennen; stürmen"
la tendance;Tendenz
à l'heure;genau, exakt
la pression, l'oppression (f);Drang, Druck, Drücken, Pressen
malheureux;"erbärmlich; unglücklich; arm"
toute espèce de, toute sorte de;allerhand, jeglicher
la grue;Kran
le chapitre;Kapitel
adjoindre;beifügen, zufügen
capturer, attraper;erbeuten, ergreifen, ertappen, erwischen, fangen, fassen
l'ardeur (f);Glut, Feuer, Inbrunst
la profondeur;Tiefe
la boulangerie;Bäckerei, Backstube
foncé;dunkel, düster, trübe
le drap de lit, le drap;Bettlaken, Laken
la Slovénie;Slowenien
le pape;Papst
agacer;"abstumpfen, angreifen; anreizen, aufhetzen, reizen, aufreizen; entrüsten"
mystifier;narren, zum Besten halten
désert;öde
attester, témoigner;beglaubigen, bescheinigen, bezeugen
alphabétique;alphabetisch
importer;importieren, einführen
la colle;Klebstoff, Leim
faire part de;angeben, mitteilen, verkünden, ankündigen
jeter;"speien, ausspeien, auswerfen, spucken; schleudern, werfen"
le dossier;"Datei; Verzeichnis, Ordner"
la moustache;Schnurrbart
partir de;weggehen, abgehen, starten
sonner à la porte;anläuten, klingeln, anklingeln
concourir;"konkurrieren, wetteifern; um die Wette laufen, am Wettstreit teilnehmen"
le vers;Vers
le chasseur;Jäger
diluer;verdünnen, verfälschen, panschen
conquérir;erobern
le guide;"Führer; Reiseführer; Ratgeber, Berater; Mentor"
railler, chercher;ausschauen nach, suchen, aufsuchen
entonner;anstimmen
idéal;ideal, musterhaft, vorbildlich, ausgesucht
le club;Klub
le corridor, le couloir;Gang, Hausflur, Flur, Korridor
la tenue;"Estrade, Leitung; Verpflegung; Regieren, Regierung"
l'atmosphère (f);"Stimmung, Akkord; Atmosphäre"
largement;"im Überfluss, reichlich; breit"
ne ... nullement, pas du tout;durchaus nicht, ganz und gar nicht
la mouche;Fliege
le tablier;Schürze
le conseilleur;Ratgeber, Berater
le coude;Ellbogen
le pasteur;"Pastor, Pfarrer; Hirte, Senner"
la sauce;Brühe, Sauce, Soße, Tunke
l'administrateur (m);Verwalter, Geschäftsführer
la gerbe;Garbe, Bündel, Strauß
le défaut;"Verderbnis; Fehlen, Fehler, Manko"
se dépêcher;"hasten; eilen, sputen"
stagner;stagnieren, stillstehen
l'allure (f);"Anblick, Aussehen, Aspekt; Eile, Geschwindigkeit, Hast"
ployer, fléchir;biegen, beugen, flektieren
illégal;illegal
la solitude;Einsamkeit
le voisinage;Nähe, Nachbarschaft
le Slave;Slawe
le rein;Niere
Hébreu (m);Hebräer, Jude
ambulance;Krankenwagen, Sanitätsauto, Rettungsauto, Sanka, Ambulanzwagen
qui a raison;im Recht
continuel;"beständig, fest, konstant, ständig, stetig, unablässig; ununterbrochen; unendlich, unaufhörlich"
retomber, pendre;hängen
trouver;finden, befinden, erachten, ermitteln, vorfinden
la tension;Spannung
baptiste;Baptist, Täufer
diffuser;verbreiten, ausstrahlen
heureusement;glücklicherweise
le poussin;Küken
l'agent de police (m), le policier;Polizist, Schutzmann
propice;"gewogen, gnädig, günstig, hold; tauglich, tüchtig"
arachide, la cacahuète, la cacahouète;Erdnuss
absolu;"absolut, unbedingt, unbeschränkt; unbedingt notwendig, unabdingbar"
rester;bleiben, übrigbleiben
inventer;erfinden
mendier;betteln
l'abonné (m);Abonnent
aristocratie;Adel, Aristokratie
anxieux;ängstlich
le produit;"Einnahme, Erlös, Ertrag; Mittel, Werkzeug; Produkt; Handelsgut, Ware"
respectif;jeweilig
le bord;"Küste, Strand, Ufer, Gestade; Grat, Kante, Saum, Rand"
le président;Präsident, Vorsitzender
le dinosaure;Dinosaurier
le fourneau;Herd, Ofen
la population;Bevölkerung
le souffle;"Hauch, Atemzug; Eingebung; Atem; Brise"
le saumon;Lachs
le limaçon, la limace, l'escargot (m);Schnecke
le clébard;"Köter; Hund"
le Mahomet;Mohammed
la patte;"Bein; Fuß, Pfote"
avoir honte;sich schämen
suivant;"nachträglich, später; folgend, nächst, umgehend"
la Corée;Korea
la dictée;Diktat
chasser;jagen
le jumeaux;Zwillinge
la Roumanie;Rumänien
bientôt, tout à l'heure;bald, alsbald, baldig
électrique;elektrisch
procurer;"anschaffen, beschaffen, besorgen, verschaffen; antun, bewirken, veranlassen, verursachen, zufügen; hervorrufen; vermitteln"
remercier;danken, sich bedanken, verdanken
l'écharde (f), l'éclat (m);Splitter
âcreté;Schärfe, Bitterkeit
la fuite;Flucht
annuel;jährlich
le Pacifique, l'océan Pacifique (m);Stiller Ozean, Pazifik
l'envie (f);"Neid; Eifersucht"
abject;"verabscheuenswürdig, verabscheuenswert; gemein, infam"
le vedette, la star;Star
l'alternative (f);Alternative
le cerveau, la cervelle;Gehirn, Hirn
l'aptitude (f);"Neigung, Veranlagung, Disposition; Kapazität; Talent"
l'ombrelle (f);Schirm, Regenschirm, Sonnenschirm
la convention;"Akkord, Abkommen, Einklang, Übereinkommen, Übereinstimmung; Übereinkunft"
le réglage;Stimmung, Akkord
deux cents;zweihundert
le Christ;Christus
la fondation;"Stiftung; Gründung; Einrichtung, Institution"
etc.;u.s.w.
le vélomoteur;"Moped; Kraftfahrrad, Motorrad"
le citoyen;Bürgerschaft
l'assemblée (f), l'assemblée politique (f);Versammlung
abolir;"abschaffen, aufheben; einstellen"
le ravage, annihilation;Zerstörung, Verwüstung
tenir place de;ablösen, ersetzen
accommodant;nachgiebig
le nain, bambin;Zwerg
la désolation;"Gebrechen, Elend; Traurigkeit; Kummer; Ärger, Betrübnis, Verdruss"
s'échapper, échapper;entwischen, entkommen, entfliehen, entrinnen
digne;würdevoll, würdig
tâter, palper;fühlen, befühlen, tasten, antasten, betasten, tappen
adéquate;adäquat, angemessen, entsprechend
le tas;Haufen, Menge, Stapel
vôtre;der deine, der euere, der Ihre
ajuster, s'adapter, s'ajuster;anpassen
l'inscription (f);"Beitritt; Inschrift, Inskription; Registrierung, Aufzeichnung; Überschrift"
le pigeon;Taube
désigner;"auslesen, wählen, auswählen, erwählen; andeuten, weisen, anweisen, zeigen; angeben, hinweisen; markieren, zeichnen, anzeichnen, kennzeichnen"
autoriser;berechtigen, bevollmächtigen, ermächtigen
la théière;"Teekanne; Teebüchse"
la région;Bereich, Gebiet, Gegend, Region
présent;anwesend
delié;fein
la prison;"Karzer; Gefängnis, Verlies"
le ton;"Klangfarbe, Timbre; Ton"
la pension;"Internat; Ruhegeld, Altersruhegeld, Rente, Pension; Fremdenheim"
considérer;berücksichtigen, betrachten, erwägen, sich überlegen
fervent;eifrig
insister;beharren auf, drängen, trotzen
le matelot;Matrose
le souvenir;Andenken, Erinnerung
aboutir;"erlangen, erzielen, reichen, erreichen; ausgehen, ausrücken; führen, leiten; resultieren"
l'absence (f);Abwesenheit
le ballon;"Ballon, Luftballon; Fußball"
méchant;"grausam; böse, schlecht; arg, arglistig, boshaft, hämisch, tückisch, heimtückisch"
prescrire;vorschreiben, anordnen, verschreiben
l'aigle (m);Adler
le débit;Soll, Rückstand, Schuld, Debet
la résistance électrique;Widerstand
conserver;aufbewahren, behalten, bergen, erhalten, konservieren
le risque, l'aléa (m);Risiko, Wagnis
le bonbon;Bonbon
raide;"abschüssig, steil; starr, steif, spröde; anstrengend"
la femelle;Weib, Weibchen
assuré, certain;gewiss, sicher, bestimmt, zuversichtlich
la corolle;Krone
le pouce;Daumen
atteler;spannen, anspannen
marée haute;Flut
la lettre;"Brief; Buchstabe, Letter, Type"
l'ordinateur (m);Computer, Datenverarbeiter
le tonnerre;Donner
la touche de clavier, la touche;Klaviertaste, Taste
tout au plus;zumeist
applaudir;applaudieren, Beifall spenden
l'athée (m);Atheist
allié;verbündet, alliiert
compter, calculer;erachten, kalkulieren, rechnen, berechnen
allumer;"zünden, entzünden; einschalten"
la contrée;"Land; Bereich, Gebiet, Gegend, Region"
l'avortement (m);"Abtreibung; Fehlgeburt"
la poitrine;Brust, Busen
l'admirateur (m);Verehrer, Bewunderer
piloter;lenken, steuern
le réseau;Garn, Netz
océan Antarctique;Antarktischer Ozean
alcoolique;"alkoholisch; Alkoholiker"
le speaker;"Ansager, Sprecher; Präsident, Vorsitzender"
l'officier (m);Offizier
le virus;Virus
aveugle;blind
la vie;Leben
étrange;befremdend, kurios, seltsam, sonderbar, wunderlich
climatisé;klimatisiert
beaux-parents;Schwiegereltern
suivre;"befolgen; entlangschreiten, entlanggehen; folgen"
le déménagement;Umzug
maquiller;schminken
le gisement;"Bett, Lager, Flussbett, Lagerstätte, Liegestatt; Scheibe, Schicht"
la prospérité;Gedeihen, Wohlstand
la scie;Säge
ému;bewegt, gerührt
autonome;selbständig, unabhängig, autonom, selbstverwaltend
inspirer;"einatmen; begeistern, eingeben, inspirieren; überreden; suggerieren, vorschlagen, einreden"
vraisamblable;glaubhaft
le métro;U-Bahn, Metro
s'abîmer;"verderben; umkommen, untergehen, zu Grunde gehen"
restaurer;"wiederherstellen; reparieren"
l'abîme (m);"Abgrund, Tiefe; Schlucht"
l'Ethiopie (f);Äthiopien
adapter;"adaptieren, anpassen; für Orchester bearbeiten"
soulager;"erleichtern; abschwächen, besänftigen, mildern"
grossir;"zunehmen; dicker machen"
remplir;"vervollständigen; ausfüllen, erfüllen; ausführen, bestellen, leisten"
la cabine, la cabine de bateau;Kabine, Kajüte, Koje
accuser;"anklagen, beschuldigen; angeben, anzeigen, denunzieren, hinterbringen"
menacer;bevorstehen, drohen
taxer, évaluer;abschätzen, bewerten, schätzen, einschätzen
le serpent;Schlange
retenir;"zügeln; aufbewahren, behalten, bergen, erhalten, konservieren; gedenken, sich erinnern; bestellen; ermäßigen; übrig lassen; donnern"
l'insuffisance (f), le manque, la privation;Fehlen, Fehler, Manko
l'alerte (f), l'alarme (f);Alarm
certifier;behaupten, bestätigen, vergewissern
le caoutchouc;Gummi
le watt;Watt
procéder;verfahren, vorgehen
l'ouïe (f);Gehör
la foire;"Basar, Markt, Warenhaus; Messe"
faire l'amour;lieben
l'agrément (m);"Annehmlichkeit; Beifall"
l'intérêt (m);"Tragweite, Wichtigkeit; Interesse, Zins; Verzinsung, Zinsen; Nutzen, Vorteil"
surgir;"erscheinen; aufstehen, sich stellen"
la chambre à air;Schlauch
le poumon;Lunge
le péché;Sünde
exiger;erfordern, verlangen, zumuten
distinguer;auszeichnen, hervorheben, unterscheiden
auparavant, autrefois;früher, zuvor
craindre, avoir peur;befürchten, sich ängstigen, zagen
la lubie, la toquade, la manie;Manie, Sucht
aigu;"grell, herb, scharf; schrill, spitz; akut, heftig, hitzig"
le tact;Takt
publier;"ankündigen, anzeigen, avisieren, melden, anmelden, verkünden; veröffentlichen"
passer;"erteilen, geben, herreichen; passieren, vorübergehen, vergehen; verbringen, zubringen; vorbeigehen; übergeben, übertreten"
l'entrée (f), accès;Eingang, Eintritt
le plat;Schale, Schüssel
l'architecte (m);Architekt, Baumeister
le coton;"Kattun; Baumwolle"
affectueux, dévoué, attaché;anhänglich, ergeben, zugetan
obligatoire;verbindlich, obligatorisch, Zwangs...
faire allusion, insinuer;anspielen, anspielen auf
le matelas;Matratze
soudainement, subitement, tout à coup;jäh
répondre;"zurückschlagen; antworten, beantworten, entgegnen, erwidern"
l'alcoolisme (m);Alkoholismus
audacieux;wagemutig, draufgängerisch, dreist, kühn, waghalsig
l'alinéa (m);Absatz, Alinea
la finance;Finanzen, Finanzwesen
consentir;beipflichten, beistimmen, einwilligen, zustimmen, zuwilligen
l'abscisse (f);X-Achse, Abszisse
sensible;"empfänglich; mitleidig, barmherzig; bemerkbar"
attaquer;"angreifen, anfallen; ausfallen, befallen, überfallen"
malin;"ausgelassen, schelmisch, übermütig; arglistig, listig, schlau, gewitzt"
panser;"verbinden; striegeln"
se mettre d'accord, s'harmoniser, s'accorder;übereinstimmen
l'impression (f);"Effekt, Wirkung; Eindruck; Abdruck; Spur (einer Matrix)"
souiller;"flecken, beflecken, einflecken, sudeln; beschmutzen, einschmutzen"
l'idéal (m);Ideal, Musterbild, Wunschbild, Hochziel
l'Ecriture sainte (f), la Bible;Bibel
expliquer;"erklären; darlegen, erläutern"
le vis;Schraube
la manche;Ärmel
contribuer;beisteuern, beitragen
la crêpe;"Flor, Krepp; Pfannkuchen"
abuser;"missbrauchen; ausbeuten"
magique;"magisch; Zauber-"
la vertu;Tugend
laborieux;"beflissen, emsig, fleißig, geflissentlich, strebsam; arbeitsam, geschäftig"
le pouls;Puls
définitif;definitiv, endgültig
la distraction;"Unterhaltung, Amüsement; Zerstreuung, Ablenkung, Vergnügen; Unaufmerksamkeit; Erholung"
strict;genau, strikt, straff, streng
cultiver;heranbilden, züchten, veredeln, hegen, bebauen, anbauen, kultivieren
la larme;Träne
l'imbroglio (m);Fitz, Verwicklung, Verwirrung, Gewirr, Durcheinander
se taire;schweigen
soupirer;sich ersehnen, sich sehnen
la moutarde;Senf
se réjouir;sich amüsieren
le vignoble;Weinberg
déduire;ableiten, deduzieren, folgern
contraindre;aufdrängen, aufnötigen, dringen, aufdringen
attacher;"anschließen; anbrennen; befestigen, festsetzen, fixieren; binden, verbinden"
accélérer;beschleunigen
formidable;"außerordentlich; riesig, gigantisch; grausig"
mordre;beißen
l'aboutissement (m);"Folge, Konsequenz; Erfolg, Ergebnis, Resultat; Sequenz; Gelingen"
arbitraire;beliebig, eigenmächtig, willkürlich
le parti;"Anhang; Entscheidungsfindung; Fraktion, Partei; Gefolge"
annuler, abroger;"abschaffen, aufheben; einstellen; annullieren, für null und nichtig erklären, kassieren"
Hesse;Hessen
la caisse;"Geldkasten, Kasse; Kasten, Kiste, Truhe"
ajouter;"beifügen, zufügen; hinzufügen"
protéger;"hüten, behüten, bewachen, überwachen; begünstigen, schützen, beschützen, beschirmen"
basset;Dackel
le fer-blanc, la tôle;Blech
le pont;"Deck, Schiffsdeck, Verdeck; Brücke"
l'avantage (m);"Vorteil; Ertrag, Gewinn, Interesse, Nutzen, Verdienst"
délicieux;"köstlich, wonnig; entzückend"
hors-d'œuvre (m);Vorspeise
siffler;"pfeifen; surren, zischen"
le milieu;"Eingeweide; Milieu; Mitte, Mittel"
la liste;"Liste, Verzeichnis; Tabelle"
le Jésus;Jesus
hernie (f);Bruch
la campagne;"Kampagne, Feldzug; Land"
suédois;schwedisch
sourd-muet;taubstumm
australien;australisch
l'accroissement (m);"Wachstum, Wuchs, Zunahme; Vermehrung, Zuwachs; Vergrößerung; Steigerung"
la recherche;"Untersuchung; Suche, Suchen"
la mécanique;Mechanik
l'actionnaire (m);Aktieninhaber, Aktionär
les Philippines;Philippinen, die Philippinen
aboucher;"koppeln, kuppeln, verbinden; berühren, Verbindung aufnehmen, kontaktieren"
sentir;"riechen, wittern; duften; fühlen, befühlen, tasten, antasten, betasten, tappen; empfinden"
ignare, ignorant;unwissend, ungebildet
proprement;"zurecht; eigentlich; gerade"
périr;umkommen, untergehen, zu Grunde gehen
la gelée;"Frost; Gallerte, Gelee"
le globe;Globus, Kugel
l'énergie (f);Energie, Tatkraft, Willenskraft
l'acuité (f);Schärfe
parallèle;gleichlaufend, parallel
éphémère;vorübergehend
la proportion;Proportion, Verhältnis, Gleichmaß
le goal;Torhüter, Torwart
le tonneau, le fût;Fass, Tonne
ramener;"wiederbringen; wiederherstellen"
l'élément (m);Element
archéologique;archäologisch
alentour, autour;annähernd, etwa, gegen, umher, ungefähr, zirka
l'Irlandais (m);Ire
le cigare;Zigarre
rapporter des propos, citer;anführen, erwähnen, nennen, zitieren
exploser;explodieren, platzen
la cruche;Kanne, Krug
l'Orange (f);Orange
pareillement, de même;gleich, gleichfalls
nécessaire;nötig
l'artère (f);Arterie, Pulsader, Schlagader
mineur;unbedeutend
la distinction;"Besonderheit; Unterschied; Auszeichnung"
l'animal domestique (m);Haustier
la bande dessinée;Comic, Bildergeschichte
le bloc;"Block, Klotz; Masse"
aisément;mühelos
égal;egal
flotter;schwimmen, treiben
l'intellectuel (m);Intellektuelle, Intellektueller
le sinistre;"Unfall; Schaden, Sachschaden"
le trésorier;Kassenfürer, Kassierer, Kassenverwalter
le contact;Berührung, Kontakt
reprendre ses esprits, revenir à soi;wieder zu sich kommen, wieder zu Bewusstsein kommen, wieder zu Besinnung kommen
reconduire;"fortfahren, fortführen; erneuern"
le couvert;Gedeck, Service
la poivrière;Pfeffer, Pfefferstreuer
la sympathie;Sympathie
le volcan;Vulkan
aqu-, aquatique, d'eau;Wasser...
la Suisse;Schweiz, die Schweiz
le siège;"Stuhl; Belagerung"
la feuille de déclaration;Steuererklärung
le poison, le venin;Gift
l'ouverture (f);"Öffnung, Loch; Eröffnung; Ouvertüre"
artificiel;künstlich
odieux, abominable, horrible;"garstig; verabscheuenswürdig, verabscheuenswert"
l'artiste (m);Artist, Künstler
ramasser;"aufstapeln, häufen; sammeln, einsammeln"
la grenouille;Frosch
le ticket;"Billett, Fahrkarte, Karte; Coupon, Zinsabschnitt"
amphibologique, ambigu;zweideutig
l'abdication (f);"Abdankung; Verzicht, Ausstieg, Abtretung"
la commission;Auftrag, Bestellung, Kommission
l'Elbe (f);Elbe
la portée;Reichweite
ivre;berauscht, trunken, betrunken
intense;intensiv
coudre;"heften, nähen; steppen"
l'aspect (m);"Anblick, Aussehen, Aspekt; Äußeres; Blick, Einsicht"
la récréation;"Unterhaltung, Amüsement; Erholung"
allier;"legieren; verbinden"
la perche;"Barsch, Flussbarsch; Stange"
dissocier;lösen, auflösen
le crépuscule;Dämmerung
différer;"abweichen, sich unterscheiden; aufschieben, fristen, stunden, vertagen, verzögern; variieren"
apparant, visible;augenscheinlich, bemerkbar, ersichtlich
le psychologue;Psychologe
le bouddhisme;Buddhismus
la pensée;"Gedanke; Stiefmütterchen"
l'acclamation (f), l'approbation (f);Beifall
le pot;"Hafen, Kanne, Krug, Topf; Behälter, Gefäß, Vase"
chilien;chilenisch
permanent;"fest; beständig, konstant, ständig, stetig, unablässig"
sot;"blödsinnig, stumpfsinnig; albern, dumm"
trouble, touffu, confu;trübe
décourager;entmutigen
le projectile;"Kugel; Geschoss"
autochtone;heimatlich, einheimisch
habitude (f);Angewohnheit, Brauch, Gebrauch, Gepflogenheit, Gewohnheit, Usus
le sentier;Fußweg, Pfad, Steg, Steig
le robot;Roboter
le billet;Billett, Fahrkarte, Karte
la suite;"Gefolge; Fortsetzung; Folge, Konsequenz; Erfolg, Ergebnis, Resultat; Sequenz; Aneinanderreihung, Reihenfolge, Verkettung"
faire les cent pas;schreiten, treten
qui reste;übrig
la brûlure;Verbrennung, Brandwunde
le Cachemire;Kaschmir
le texte;Text
hymne (m);Hymne, Lobgesang
l'incitation (f), l'impulsion (f);Andrang, Antrieb, Impuls
causer;"antun, bewirken, veranlassen, verursachen, zufügen; hervorrufen"
hutte (f), la cabane, la chaumière;Hütte
la réponse;"Reaktion; Widerlegung; Antwort"
insulter;beleidigen, schimpfen, beschimpfen, schelten
pour ainsi dire;gewissermaßen
le pied;Bein, Fuß, Pfote
satisfaisant;annehmbar
situer;"identifizieren; legen, stellen; hervorrufen"
le cordonnier;Schuhmacher, Schuster
la poutre;Balken
porter plainte, se plaindre;klagen, sich beklagen, verklagen
allergie;Allergie
le piquet, la gaule, la barre, le barreau;Stange
vis-à-vis;"stirnseitig, frontal, frontseitig; betreffs, bezüglich"
accoupler;"fügen, gesellen, vereinigen; kuppeln, koppeln; einigen"
l'ordonnance (f);Rezept
le bouton;"Finne, Pickel; Knopf"
le psychisme;Psyche, Geist
entraîner des conséquences;"hervorbringen; antun, bewirken, veranlassen, verursachen, zufügen"
apprendre;"lehren, belehren, unterrichten, unterweisen; lernen"
l'éclipse (f);Finsternis
intime;gemütlich, innig, intim, vertraulich, vertraut
immense;unermesslich
le cendrier;Aschenbecher
auditrice;Zuhörerin
aspirer à;"beanspruchen, zumuten; sich ersehnen, sich sehnen"
analogue;analog, entsprechend
la génération;Generation, Geschlecht
classique;klassisch
la surface;Fläche, Oberfläche
inespéré;unverhofft
Hongrie (f);Ungarn
hôtesse de l'air (f);Stewardess
le lacet;"Schnur; Schuhband"
tout de suite, immédiatement, sitôt;gleich, sofort, umgehend, sogleich
ménager;bedauern, beklagen
le salut;"Gruß; Heil"
radical;"drastisch, stark wirkend; gründlich, triftig; radikal; eingehend"
le badinage;Jux, Scherz, Spaß
se conduire;sich aufführen, sich benehmen, sich betragen, sich verhalten
logique;"konsequent, folgerichtig; logisch"
le regard;Blick, Einsicht
brouiller, rendre confus, rendre trouble, perturber;stören
récent;jüngste, letzte
construire;"anfertigen, herstellen, leiten, machen, tun, zurücklegen; einführen, einrichten, einsetzen, installieren; bauen, aufbauen, erbauen, konstruieren"
l'avant-bras (m);Unterarm
le niveau;Niveau
le coiffeur;Friseur, Frisör
la blague;Scherz, Streich
la prune;Pflaume
obséder;verfolgen, heimsuchen
se disputer;"disputieren, streiten; zanken"
l'abord (m);"Annahme, Übernahme, Zusage; Eingang, Eintritt; Verhältnis, Zusammenhang; Begegnung"
l'autorité (f);"Autorität, Ansehen, Einfluss; Gewalt; Befehlsgewalt"
s'efforcer;streben
le four;"Brotform, Backform, Backofen, Kuchenform; Herd, Ofen"
le rhume;"Erkältung; Katarrh"
renouveler;erneuern
le diplôme de fin d'études;Abitur
dispenser;"austeilen, verteilen, zuteilen; verallgemeinern; entschuldigen; ausnehmen, ausschließen"
revoir;"wiedersehen; revidieren"
remplacer;ablösen, ersetzen
coller;"zusammenheften, kleben; leimen"
la Saxe;Sachsen
la coiffure;Frisur
part, partie, portion, contingent;Anteil, Stück, Teil, Partie
la prière;Gebet
riche;ausgiebig, reich, vermögend
précédent;vorig
être de service;Dienst tun, dienen
délicat;delikat, fein, zart
mobilier;beweglich
l'esclave (m);Knecht, Sklave
l'abc (m);Alphabet
reconnaître;"anerkennen; auszeichnen, hervorheben, unterscheiden; forschen, erforschen, untersuchen; beichten, gestehen, eingestehen; wiedererkennen"
séparer;"absondern, abteilen, abtrennen, scheiden; entzweien"
la vapeur;Dampf
investir;einkleiden
le Cuba;Kuba
précieux;wertvoll
sauver;retten, erlösen, erretten
réformer;"befreien, entledigen, erledigen, freilassen, frei machen; bessern, ausbessern, verbessern, veredeln; reformieren"
l'envoyeur (m);Absender
piétiner, marcher sur, fouler aux pieds;treten
la vierge;Jungfrau
le pin;Kiefer
l'accès (m);"Zugang, Zutritt; Anfall, Angriff, Offensive"
l'agriculture (f);"Ackerbau; Landwirtschaft; Landwirtschaftskunde"
la correction;Berichtigung, Korrektur, Verbesserung
s'adosser, s'accoter;sich stützen
la destination;"Adresse; Bestimmung"
la chèvre;Ziege, Zicke
gâter;verderben, verschlechtern, verschlimmern
mélancolique;wehmütig
la tonne;Tonne
bavard, babillard;"geschwätzig, schwatzhaft; Plappermaul, Schwätzer"
adulte;ausgewachsen, erwachsen
décorer;"schmücken, dekorieren, verzieren; aufputzen"
tirer;"feuern, schießen; ziehen, verziehen"
l'adoratrice (f);Verehrerin
cautionner;bürgen, Gewähr leisten, haften, verbürgen
les fonds;"Bauernhof, Besitzung, Gut, Landgut; Fonds; Kapital"
venimeux;giftig
accumulator, accu;Batterie, Akku, Akkumulator
faire accepter;erzwingen, aufnötigen
la préposition;Präposition, Verhältniswort
interroger;befragen
le remplacement;"Stellvertretung; Surrogat"
rupture;Einbruch
moral;"billig, gerecht; moralisch, sittlich"
dégager;"auszeichnen, hervorheben, unterscheiden; ausfließen; auslassen; verfließen"
être bon à;taugen
la ferveur, le zèle;Eifer, Inbrunst
bien entendu;verständlich
la panne;Panne
le millimètre;Millimeter
le Juif;Jude
l'ennui (m);Langeweile
saisir;"brühen; greifen, angreifen, ergreifen; erbeuten, ertappen, erwischen, fangen, fassen; mit Beschlag belegen, konfiszieren; auffassen, wahrnehmen; treffen"
agresser;angreifen, anfallen
ranger;"einreihen; ordnen, anordnen"
le mal;"Schmerz, Weh; Mitleid; Übel"
l'ours (m);Bär
l'Afghane (f);Afghanin
l'alphabet (m);Alphabet
cesser;"beschließen, enden, beenden, endigen, beendigen, erledigen; aufhören"
le consulat;Konsulat
fonder;fundieren, gründen, begründen
en accord avec, conforme à;übereinstimmend mit
la pente;Abhang, Halde, Steilung
renverser;kappen, umstoßen, umstürzen, umwerfen
la reconnaissance;"Anerkennung; Dankbarkeit; Patrouille; Erkennung; Aufklärer, Pfadfinder"
vingtième;zwanzigster, zwanzigste
s'humilier;sich unterwerfen
le détachement, le commando;Abteilung
les fiançailles;Verlobung
le rabais;Nachlass, Rabatt, Vergünstigung, Vergütung
licencier;abdanken, entlassen, verabschieden
docile;"folgsam, gefügig; fügsam, gehorsam, zahm"
la Jérusalem;Jerusalem
d'une façon ou d'une autre, de façon ou d'autre;einigermaßen, irgendwie
le pavillon;"Banner, Fahne, Flagge; Glocke, Kappe; Pavillon; Standarte"
la tente;Baracke, Zelt
le faiseur d'embarras, le poseur;Wichtigtuer
relier;"binden, einbinden; verbinden, verknüpfen"
apprécier;"schätzen, würdigen; achten, hochschätzen; abschätzen, bewerten, einschätzen; mögen, wertschätzen"
acheteur;Käufer
discuter;diskutieren, erörtern, verhandeln
boiteux;hinkend, lahm
le savant;Gebildeter
décrire;beschreiben
l'athéisme (m);Atheismus, Gottesleugnung
asservissement;Sklaverei
la flamme;Flamme
l'os (m);Gebein, Knochen
aveugler;blenden
le spectacle;"Anblick, Aussehen, Aspekt; Äußeres; Blick, Einsicht; Spektakel"
le menuisier;Tischler
le couple;"Ehepaar; Paar, geordnetes Paar"
se hâter;"hasten; stürmen"
la goutte;Tropfen
norvégien;norwegisch
banquette;Bank, Hocker
le tiroir;Lade, Schublade, Tischlade
réveiller;wecken, aufwecken, erwecken
adorer;"anbeten, verehren, vergöttern; kultisch verehren, Kult treiben"
la préface;Vorrede, Vorwort
la séance;"Sitzung; Aufführung, Darbietung, Vorlegung, Vorstellung, Präsentation; Vorführung"
la conséquence;"Folge, Konsequenz; Reaktion"
ruminer;hin und her überlegen, nochmals kauen, wiederkäuen
épuiser;"ermüden; entkräften, verweichlichen"
la cérémonie;Feierlichkeit, Förmlichkeit, Zeremonie
traduire;übersetzen, übertragen
appliquer;"anlegen, beifügen; anwenden, verwenden; legen, setzen, stecken, stellen; anziehen; benutzen, brauchen, gebrauchen, verwerten"
la fourmi;Ameise
le simulacre;"Spottwort; Hohn, Spott, Spotten"
voyager au loin;wandern
administratif;Verwaltungs-
aller;"sich befinden; fahren, gehen, treten"
avoir l'air de;aussehen
l'empire (m);"Kaiserreich, Kaisertum; Einfluss"
pousser;"anfeuern, jagen, treiben, vor sich hertreiben; dringen, rücken, stoßen"
le profit;Ertrag, Gewinn, Interesse, Nutzen, Verdienst, Vorteil
la chaîne;"Kettenline; Kette"
le bac;"Kasten, Kiste, Truhe; Fähre; Behälter, Besteck, Krug"
la soustraction;Subtraktion
agglutiner;zusammenheften, kleben
cultivé;gebildet, gesittet
à partir de, dès, depuis;von ... ab, seit
liquide;flüssig
l'amante (f);Liebhaberin
parer;"ausweichen, entweichen, vermeiden; aufputzen, schmücken, verzieren"
Athènes;Athen, Athene
le compteur;Zähler
le bien, la propriété foncière;Bauernhof, Besitzung, Gut, Landgut
l'adorée (f);Verehrte
le traître;Verräter
l'amusement (m);"Unterhaltung, Vergnügen; Amüsement; Zerstreuung, Ablenkung; Erholung"
l'agent (m);"Agent; Polizist, Schutzmann"
-té;-heit, -keit
transformation;Veränderung
fuir;fliehen, flüchten
le faux-col;Kragen
la retraite;Ruhegeld, Altersruhegeld, Rente, Pension
la remarque;"Bemerkung; Beobachtung, Vermerk"
l'arme (f);Waffe
le militaire;Militär
souterrain;unterirdisch
saillant, prohéminent, remarquable;hervorragend, hervorstehend
le cycliste;Radfahrer
l'accusatif (m);Akkusativ
l'araignée (f);Spinne
la comparaison;"Vergleichung; Gleichnis, Vergleich"
obéir;folgen, befolgen, gehorchen
apprendre à fond;erlernen
l'opération de caisse (f);Umsatz
le minimum;Minimum
commetre une faute, pécher;sündigen, sich versündigen
la mort;"Tod; Untergang, Verderbnis"
anticiper;vorausnehmen, vorwegnehmen
coïncider;"zusammenfallen, zusammentreffen; kongruieren"
l'aurore (f);"Morgenrot; Tagesanbruch; Morgenröte, Polarlicht, Reiz des Neuen, Zauber"
droit;"rechter; bieder, loyal; rechtwinklig; aufrecht, direkt, gerad, gradlinig, unmittelbar"
la rapidité;"Geschwindigkeit, Tempo; Eile, Hast"
adolescent;Jugendlicher
hériter;erben, beerben
vain;"vergebens, vergeblich; eitel, hinfällig"
la composition;"Komposition, Tonstück; Konsistenz, Beschaffenheit; Thema"
la serrure;Schloss, Verschluss
télécharger;runterladen
joindre;"beifügen, zufügen; anpassen; fügen, gesellen, vereinigen; verbinden, verknüpfen"
hystérique;"hysterisch; Hysterikerin; Hysteriker"
risquer;riskieren, wagen
examiner;"examinieren, inspizieren, nachsehen, prüfen, untersuchen; forschen, erforschen"
satisfaire, contenter;befriedigen, zufriedenstellen
serviable, complaisant;bereitwillig
ferme;fest, feststehend, firm, gediegen, stabil, wiederstandsfähig
blasphémer;lästern
déranger;"stören; beengen, behindern, belästigen, genieren, lästig werden"
prendre dans les bras;umarmen
la tribu;Stamm
cancaner, jaser;tratschen, klatschen
mobile;"beweglich; veränderlich, wetterwendisch"
assertion;Behauptung
le tabac;Tabak
s'accoupler;zusammenkommen
vaillant;"brav, tapfer, tüchtig, wacker; beherzt, dreist, getrost, mutig"
la revanche;"Vergütung; Rache"
attirer;"anziehen; ködern, locken"
mystérieux;geheimnisvoll, mysteriös
le capital;Kapital
adjacent;"angrenzend, anstoßend; benachbart"
le tir;Schuss
le réfrigérateur;Kühlschrank
le primevère;Primel, Schlüsselblume, Aurikel
l'Afrique du Sud (f);Südafrika
suggérer;suggerieren, vorschlagen, einreden
le manuel;Handbuch, Leitfaden, Kompendium
résoudre;"lösen, auflösen; umbilden, umgestalten, umwandern"
la cour;"Hof, Hofstaat; Gerichtshof"
le Talmud;Talmud
le gilet;Weste
le souci;"Traurigkeit; Ringelblume; Angst, Unruhe; Besorgnis, Sorge"
faire cadeau;schenken, beschenken, stiften, verehren, verschenken
réprimer;"bremsen; zügeln; zurückhalten; erpressen, unterdrücken"
préméditer;planen, vorher überlegen
la presse;"Gedränge; Zeitungslandschaft, Presse"
le garçon;"Junggeselle; Kellner; Junge, Knabe"
la pâture;"Viehfutter, Tierfutter; Ernährung, Futter, Nahrungsmittel; Weide, Wiese"
croître, s'accroître;gedeihen, wachsen, anwachsen
avarie;Beschädigung (während des Transports), Bruch (während des Transports), Havarie, Schaden (während des Transports), Seeschaden, Transportschaden
imposer;"anmuten; zwingen; besteuern; anziehen; aufdrängen, aufnötigen, dringen, aufdringen"
abhorrer, abominer, avoir en abomination;verabscheuen
accentuer;betonen, besonders betonen, akzentuieren
la Finlande;Finnland
la Jordanie;Jordanien
l'atome (m);Atom
slave;slawisch
le jour de l'an;"Neujahr; Neujahrstag"
acquéreur;"Käuferin, Kundin; Käufer, Kunde"
le calendrier;Kalender
la botte;Stiefel
paralyser;lähmen, lahm legen, paralysieren
herbe;Gras, Kraut
la bicyclette, le vélo, la bécane;Fahrrad, Rad
la concordance;"Akkord, Abkommen, Einklang, Übereinkommen, Übereinstimmung; Kongruenz (von Zahlen); Verantwortung; Übereinkunft"
tendre;"delikat, fein, zart; einschmeichelnd; weich; aufziehen, spannen, anspannen, ausspannen, straffen"
l'abattement (m);"Apathie, Teilnahmslosigkeit; Abnahme; Strapaze; Flauheit; Melancholie, Schwermut, Tiefsinn, Trübsinn, Wehmut"
la communion;Kommunion
le réveil, le réveil-matin;Wecker
le vinaigre;Essig
l'échelle (f);"Leiter; Maßstab, Skala"
certes;allerdings, freilich, immerhin, ja, ja doch, wohl, zwar
instruire;"üben, einüben; lehren, belehren, unterrichten, unterweisen"
l'adresse (f);"Adresse; Geschicklichkeit, Gewandtheit"
le trafic;Verkehr
hélice (f);Schneckenlinie, Schraube
tromper;"ehebrechen; beirren, irreführen; den Ehemann betrügen; betrügen, hintergehen, täuschen"
aplati;flach, platt
fabriquer;"anfertigen, fabrizieren, herstellen, verfertigen; leiten, machen, tun, zurücklegen"
le Pakistan;Pakistan
potable;genießbar
l'orthographe (f);Ortographie, Rechtschreibung
la batterie;"Batterie; Monozelle"
disperser;"entzweien, scheiden; zerstreuen, verstreuen; streuen"
sombre;"düster; dunkel, trübe; finster; wehmütig"
débattre;"agitieren; erörtern, debattieren; diskutieren, verhandeln"
le gaz;Gas
le dialecte;Dialekt, Mundart
le marbre;Marmor
passionnant, captivant;aufregend, spannend
recommandable;empfehlenswert, ratsam
amusant;lustig, unterhaltsam, amüsant
le maillot de corps;Unterhemd
résister;widerstehen
enchanter;bezaubern, entzücken, verzücken
la chimie;Chemie
arabe, arabique;arabisch
chuchoter;flüstern
le mendiant;Bettler
la strophe;Strophe
les abords;Umgebung
la dispute;Disput, Streit, Wortwechsel, Zank
afficher;plakatieren, aushängen, anschlagen
assureur;Versicherer
le Colomb;Kolumbus
personnel;"persönlich; eigen"
l'attente (f);Erwartung
local;"lokal, örtlich; regional"
réel;"real, wirklich; authentisch, echt, recht, urkundlich, wahr, wahrhaft"
mortel, meurtrier;tödlich
compliquer;komplizieren, verwickelt machen
la terreur;"Schreckensherrschaft, Terror; Entzetzen, Grauen, Schreck, Schrecken"
la menace;Bedrohung, Drohung
implorer;beschwören, flehen
naître;entstehen
l'autoroute (f);Autobahn
la mandarine;Mandarine
le prospectus;Prospekt
l'accusé (m);Angeklagter
aérogramme;Luftpostbrief
la patrie;Vaterland
irakien;irakisch
dans l'intervalle;einstweilen, indes, inzwischen, unterdessen
abandonner;"abtreten, nachgeben, weichen; entäußern, fortlassen, überlassen, unterlassen; entsagen, verzichten"
spontané;spontan
la réclame, la publicité;Reklame
fusiller;erschießen
grâce à;dank
l'élan (m);Elch
liste, liste de présentation, liste de candidats, proposition;Kandidatenliste
la variété;"Abwechslung; Varieté, Varietéprogramm"
poursuivre;"anfeuern, jagen, treiben, vor sich hertreiben; fahnden, verfolgen"
la virgule;Komma
gris;"angeheitert; grau"
éventuel;eventuell
s'apercevoir de;wahrnehmen, bemerken
apoplexie;Schlag(anfall), Schlagfluß
austral;südlich
la veste, le veston;Jacke, Jackett, Sakko
la grand-maman;Oma
mâcher;kauen
la librairie;Buchhandlung
apercevable;bemerkbar
la truie, le coche;Sau
comparer;vergleichen
néerlandais;holländisch, niederländisch
anticipation;Vorwegnahme, Erwartung
la correspondance;"Kongruenz (von Zahlen); Verantwortung"
le désastre;"Katastrophe; Ruin"
le baquet;"Bottich, Wanne; Behälter, Besteck, Krug"
la pâtisserie;"Gebäck; Backstube"
le chœur;Chor, Sängerchor
le Cameroun;Kamerun
rétorquer;zurückschlagen
abondamment;"im Überfluss, reichlich; ausführlich, eingehend"
érotique;erotisch
l'adultère (m);Ehebruch
la cathédrale;Dom, Kathedrale, Münster
annuellement;alljährlich
le troupeau;Herde
l'argument (m);Argument, Beweis
redouter;"befürchten, sich ängstigen, zagen; abschrecken, ängstigen, einschüchtern, verscheuchen"
total;ganz, total
alléchant, attrayant, attirant, affriolant, attachant;anziehend, attraktiv
se fier;sich verlassen auf, vertrauen
miniscule;winzig
analyse;Analyse, Untersuchung
le parachute;Fallschirm
l'assurance;"Versicherung; Bestimmtheit, Gewissheit, Sicherheit, Zuversicht"
l'abeille (f);Biene
la diète;Diät
se;einander, reziprok, wechselseitig
l'astronaute (m);Astronaut, Weltraumfahrer
la côte;"Abhang, Halde, Steilung; Küste; Rippe"
l'Argentine (f);Argentinien
la recommandation;"Ermahnung, Zuspruch; Warnung; Registrierung, Aufzeichnung; Empfehlung"
naturel;"angeboren; natürlich"
anonyme;anonym, ungenannt
regarder un spectacle, assister à, être spectateur de;zuschauen
deviner;enträtseln, raten, erraten
le Serbe;Serbe
dessiner;zeichnen, abzeichnen
réjouir;erfreuen
vide;"leer; unvermögend"
la louange;Lob
le coffre;"Kasten, Kiste, Truhe; Koffer"
se coucher;"sich legen, sich hinlegen; nach unten gehen, heruntergehen, hinuntergehen, untergehen"
l'abattage (m);"Gemetzel; Mut"
la fourrure;Balg, Fell, Tierhaut, Pelz
contrôleur;Aufseher, Führer, Kondukteur, Schaffner
les Alpes;Alpen
apathique;teilnahmslos, apathisch
le destinataire;Adressat, Empfänger
le parquet;Parkett
la plainte;"Anklage, Beschuldigung; Anzeige; Beschwerde, Klage; Jammer"
abaisser;"in Misskredit bringen; demütigen, erniedrigen; senken; umbringen, verderben; reduzieren; streichen"
la colombe;Taube
le radio;"Radio; Strahlen, Radius, Strahl, Halbgerade, Radioapparat, Radiogerät, Rundfunkempfänger, Rundfunkgerät"
l'ampleur (f);"Ausdehnung, Bereich, Dimension, Fassung, Gehalt, Umfang; Breite"
veiller;wachen
la bourse d'études;Stipendium
acclamer;zujubeln, Beifall spenden
le partisan, l'adhérent (m);Anhänger
la babiole, la bagatelle;Bagatelle, Kleinigkeit
le triangle;Dreieck
amplification;Verstärkung
littéralement, à proprement parler;wörtlich
la perfection;Vollendung, Vollkommenheit
le tronc;Stamm, Baumstamm, Strunk
aspirer;"erstreben, sich bewerben um, trachten nach; sich ersehnen, sich sehnen"
illustrer;illustrieren
la répersussion;Folge, Konsequenz
la Turquie;Türkei, die Türkei
s'aboucher avec;Verbindung haben mit, Kontakt haben mit, berühren
la gomme;"Gummi; Radiergummi"
anorak;Anorak
le printemps;Frühjahr, Frühling, Lenz
la capote, le paletot, le pardessus;Mantel, Überrock, Überzieher
la disposition;"Einrichtung, Zusammenstellung; Neigung, Veranlagung, Disposition"
la recette;"Einnahme, Erlös, Ertrag; Verfahren; Rezept"
l'oxygène (m);Sauerstoff
l'adieu (m);Abschied
la défense;"Abwehr; Verbot"
analyser;analysieren, auflösen, zergliedern
l'acquisition (f);"Erwerb; Errungenschaft, Neuerwerbung, Neuanschaffung; Beute"
la vision;"Gesicht, Sehen; Erscheinung, Vision"
le banquet;Bankett, Festessen
prudent;"gescheit, klug, vernünftig, verständig; bedächtig, behutsam, besonnen, vorsichtig"
l'adoration (f);"Anbetung; Verehrung"
la voyelle;Vokal
